[2026-05-13 18:18:34] [INFO] Флаг --force активирован. Переобучение модели.
[2026-05-13 18:18:34] [INFO] ======================================================================
[2026-05-13 18:18:34] [INFO] Начало обучения модели рекомендаций
[2026-05-13 18:18:34] [INFO] ======================================================================
[2026-05-13 18:18:34] [INFO] Подключение к базе данных...
[2026-05-13 18:18:35] [INFO] ✓ Подключение к БД успешно
[2026-05-13 18:18:35] [INFO] Загрузка данных из БД...
[2026-05-13 18:18:35] [INFO] ✓ Загружено работ: 50
[2026-05-13 18:18:35] [INFO] ✓ Загружено лайков: 35
[2026-05-13 18:18:35] [INFO] ✓ Загружено комментариев: 0
[2026-05-13 18:18:35] [INFO] Подготовка матрицы взаимодействий...
[2026-05-13 18:18:35] [INFO] ✓ Всего взаимодействий: 35
[2026-05-13 18:18:35] [INFO] Построение контентных признаков (TF-IDF)...
[2026-05-13 18:18:35] [INFO] ✓ Матрица сходства: (50, 50)
[2026-05-13 18:18:35] [INFO] Обучение SVD модели (это может занять время)...
[2026-05-13 18:18:35] [INFO] ✓ SVD модель обучена успешно
[2026-05-13 18:18:35] [INFO] Оценка качества модели...
[2026-05-13 18:18:35] [INFO] ✓ Precision@5: 0.257
[2026-05-13 18:18:35] [INFO] ✓ Recall@5: 1.000
[2026-05-13 18:18:35] [INFO] ✓ Coverage@5: 0.180
[2026-05-13 18:18:35] [INFO] Создание резервной копии старой модели...
[2026-05-13 18:18:35] [INFO] Создана резервная копия модели: D:\Git\AG-Diploma\VAG-Java\ML-Recommendation\model_cache\backups\recommendation_model_20260513_181835.pkl
[2026-05-13 18:18:35] [INFO] Сохранение обученной модели...
[2026-05-13 18:18:35] [INFO] ✓ Модель сохранена: D:\Git\AG-Diploma\VAG-Java\ML-Recommendation\model_cache\recommendation_model.pkl
[2026-05-13 18:18:35] [INFO] Метаданные модели сохранены: D:\Git\AG-Diploma\VAG-Java\ML-Recommendation\model_cache\model_metadata.json
[2026-05-13 18:18:35] [INFO] ======================================================================
[2026-05-13 18:18:35] [INFO] ✓ ОБУЧЕНИЕ ЗАВЕРШЕНО УСПЕШНО за 0.4 сек
[2026-05-13 18:18:35] [INFO] ======================================================================
[2026-05-13 18:19:35] [INFO] Флаг --force активирован. Переобучение модели.
[2026-05-13 18:19:35] [INFO] ======================================================================
[2026-05-13 18:19:35] [INFO] Начало обучения модели рекомендаций
[2026-05-13 18:19:35] [INFO] ======================================================================
[2026-05-13 18:19:35] [INFO] Подключение к базе данных...
[2026-05-13 18:19:35] [INFO] ✓ Подключение к БД успешно
[2026-05-13 18:19:35] [INFO] Загрузка данных из БД...
[2026-05-13 18:19:36] [INFO] ✓ Загружено работ: 50
[2026-05-13 18:19:36] [INFO] ✓ Загружено лайков: 36
[2026-05-13 18:19:36] [INFO] ✓ Загружено комментариев: 0
[2026-05-13 18:19:36] [INFO] Подготовка матрицы взаимодействий...
[2026-05-13 18:19:36] [INFO] ✓ Всего взаимодействий: 36
[2026-05-13 18:19:36] [INFO] Построение контентных признаков (TF-IDF)...
[2026-05-13 18:19:36] [INFO] ✓ Матрица сходства: (50, 50)
[2026-05-13 18:19:36] [INFO] Обучение SVD модели (это может занять время)...
[2026-05-13 18:19:36] [INFO] ✓ SVD модель обучена успешно
[2026-05-13 18:19:36] [INFO] Оценка качества модели...
[2026-05-13 18:19:36] [INFO] ✓ Precision@5: 0.360
[2026-05-13 18:19:36] [INFO] ✓ Recall@5: 1.000
[2026-05-13 18:19:36] [INFO] ✓ Coverage@5: 0.180
[2026-05-13 18:19:36] [INFO] Создание резервной копии старой модели...
[2026-05-13 18:19:36] [INFO] Создана резервная копия модели: D:\Git\AG-Diploma\VAG-Java\ML-Recommendation\model_cache\backups\recommendation_model_20260513_181936.pkl
[2026-05-13 18:19:36] [INFO] Сохранение обученной модели...
[2026-05-13 18:19:36] [INFO] ✓ Модель сохранена: D:\Git\AG-Diploma\VAG-Java\ML-Recommendation\model_cache\recommendation_model.pkl
[2026-05-13 18:19:36] [INFO] Метаданные модели сохранены: D:\Git\AG-Diploma\VAG-Java\ML-Recommendation\model_cache\model_metadata.json
[2026-05-13 18:19:36] [INFO] ======================================================================
[2026-05-13 18:19:36] [INFO] ✓ ОБУЧЕНИЕ ЗАВЕРШЕНО УСПЕШНО за 0.7 сек
[2026-05-13 18:19:36] [INFO] ======================================================================
[2026-05-13 18:19:44] [INFO] Флаг --force активирован. Переобучение модели.
[2026-05-13 18:19:44] [INFO] ======================================================================
[2026-05-13 18:19:44] [INFO] Начало обучения модели рекомендаций
[2026-05-13 18:19:44] [INFO] ======================================================================
[2026-05-13 18:19:44] [INFO] Подключение к базе данных...
[2026-05-13 18:19:44] [INFO] ✓ Подключение к БД успешно
[2026-05-13 18:19:44] [INFO] Загрузка данных из БД...
[2026-05-13 18:19:44] [INFO] ✓ Загружено работ: 50
[2026-05-13 18:19:44] [INFO] ✓ Загружено лайков: 37
[2026-05-13 18:19:44] [INFO] ✓ Загружено комментариев: 0
[2026-05-13 18:19:44] [INFO] Подготовка матрицы взаимодействий...
[2026-05-13 18:19:44] [INFO] ✓ Всего взаимодействий: 37
[2026-05-13 18:19:44] [INFO] Построение контентных признаков (TF-IDF)...
[2026-05-13 18:19:44] [INFO] ✓ Матрица сходства: (50, 50)
[2026-05-13 18:19:44] [INFO] Обучение SVD модели (это может занять время)...
[2026-05-13 18:19:44] [INFO] ✓ SVD модель обучена успешно
[2026-05-13 18:19:44] [INFO] Оценка качества модели...
[2026-05-13 18:19:44] [INFO] ✓ Precision@5: 0.286
[2026-05-13 18:19:44] [INFO] ✓ Recall@5: 1.000
[2026-05-13 18:19:44] [INFO] ✓ Coverage@5: 0.200
[2026-05-13 18:19:44] [INFO] Создание резервной копии старой модели...
[2026-05-13 18:19:44] [INFO] Создана резервная копия модели: D:\Git\AG-Diploma\VAG-Java\ML-Recommendation\model_cache\backups\recommendation_model_20260513_181944.pkl
[2026-05-13 18:19:44] [INFO] Сохранение обученной модели...
[2026-05-13 18:19:44] [INFO] ✓ Модель сохранена: D:\Git\AG-Diploma\VAG-Java\ML-Recommendation\model_cache\recommendation_model.pkl
[2026-05-13 18:19:44] [INFO] Метаданные модели сохранены: D:\Git\AG-Diploma\VAG-Java\ML-Recommendation\model_cache\model_metadata.json
[2026-05-13 18:19:44] [INFO] ======================================================================
[2026-05-13 18:19:44] [INFO] ✓ ОБУЧЕНИЕ ЗАВЕРШЕНО УСПЕШНО за 0.3 сек
[2026-05-13 18:19:44] [INFO] ======================================================================
[2026-05-13 18:19:50] [INFO] Флаг --force активирован. Переобучение модели.
[2026-05-13 18:19:50] [INFO] ======================================================================
[2026-05-13 18:19:50] [INFO] Начало обучения модели рекомендаций
[2026-05-13 18:19:50] [INFO] ======================================================================
[2026-05-13 18:19:50] [INFO] Подключение к базе данных...
[2026-05-13 18:19:50] [INFO] ✓ Подключение к БД успешно
[2026-05-13 18:19:50] [INFO] Загрузка данных из БД...
[2026-05-13 18:19:50] [INFO] ✓ Загружено работ: 50
[2026-05-13 18:19:50] [INFO] ✓ Загружено лайков: 37
[2026-05-13 18:19:50] [INFO] ✓ Загружено комментариев: 0
[2026-05-13 18:19:50] [INFO] Подготовка матрицы взаимодействий...
[2026-05-13 18:19:50] [INFO] ✓ Всего взаимодействий: 37
[2026-05-13 18:19:50] [INFO] Построение контентных признаков (TF-IDF)...
[2026-05-13 18:19:50] [INFO] ✓ Матрица сходства: (50, 50)
[2026-05-13 18:19:50] [INFO] Обучение SVD модели (это может занять время)...
[2026-05-13 18:19:50] [INFO] ✓ SVD модель обучена успешно
[2026-05-13 18:19:50] [INFO] Оценка качества модели...
[2026-05-13 18:19:50] [INFO] ✓ Precision@5: 0.286
[2026-05-13 18:19:50] [INFO] ✓ Recall@5: 1.000
[2026-05-13 18:19:50] [INFO] ✓ Coverage@5: 0.200
[2026-05-13 18:19:50] [INFO] Создание резервной копии старой модели...
[2026-05-13 18:19:50] [INFO] Создана резервная копия модели: D:\Git\AG-Diploma\VAG-Java\ML-Recommendation\model_cache\backups\recommendation_model_20260513_181950.pkl
[2026-05-13 18:19:50] [INFO] Сохранение обученной модели...
[2026-05-13 18:19:50] [INFO] ✓ Модель сохранена: D:\Git\AG-Diploma\VAG-Java\ML-Recommendation\model_cache\recommendation_model.pkl
[2026-05-13 18:19:50] [INFO] Метаданные модели сохранены: D:\Git\AG-Diploma\VAG-Java\ML-Recommendation\model_cache\model_metadata.json
[2026-05-13 18:19:50] [INFO] ======================================================================
[2026-05-13 18:19:50] [INFO] ✓ ОБУЧЕНИЕ ЗАВЕРШЕНО УСПЕШНО за 0.2 сек
[2026-05-13 18:19:50] [INFO] ======================================================================
[2026-05-13 22:15:20] [INFO] Флаг --force активирован. Переобучение модели.
[2026-05-13 22:15:20] [INFO] ======================================================================
[2026-05-13 22:15:20] [INFO] Начало обучения модели рекомендаций
[2026-05-13 22:15:20] [INFO] ======================================================================
[2026-05-13 22:15:20] [INFO] Подключение к базе данных...
[2026-05-13 22:15:20] [INFO] ✓ Подключение к БД успешно
[2026-05-13 22:15:20] [INFO] Загрузка данных из БД...
[2026-05-13 22:15:20] [INFO] ✓ Загружено работ: 50
[2026-05-13 22:15:20] [INFO] ✓ Загружено лайков: 37
[2026-05-13 22:15:20] [INFO] ✓ Загружено комментариев: 0
[2026-05-13 22:15:20] [INFO] Подготовка матрицы взаимодействий...
[2026-05-13 22:15:20] [INFO] ✓ Всего взаимодействий: 37
[2026-05-13 22:15:20] [INFO] Построение контентных признаков (TF-IDF)...
[2026-05-13 22:15:20] [INFO] ✓ Матрица сходства: (50, 50)
[2026-05-13 22:15:20] [INFO] Обучение SVD модели (это может занять время)...
[2026-05-13 22:15:20] [INFO] ✓ SVD модель обучена успешно
[2026-05-13 22:15:20] [INFO] Оценка качества модели...
[2026-05-13 22:15:20] [INFO] ✓ Precision@5: 0.286
[2026-05-13 22:15:20] [INFO] ✓ Recall@5: 1.000
[2026-05-13 22:15:20] [INFO] ✓ Coverage@5: 0.200
[2026-05-13 22:15:20] [INFO] Создание резервной копии старой модели...
[2026-05-13 22:15:20] [INFO] Создана резервная копия модели: D:\Git\AG-Diploma\VAG-Java\ML-Recommendation\model_cache\backups\recommendation_model_20260513_221520.pkl
[2026-05-13 22:15:20] [INFO] Сохранение обученной модели...
[2026-05-13 22:15:20] [INFO] ✓ Модель сохранена: D:\Git\AG-Diploma\VAG-Java\ML-Recommendation\model_cache\recommendation_model.pkl
[2026-05-13 22:15:20] [INFO] Метаданные модели сохранены: D:\Git\AG-Diploma\VAG-Java\ML-Recommendation\model_cache\model_metadata.json
[2026-05-13 22:15:20] [INFO] ======================================================================
[2026-05-13 22:15:20] [INFO] ✓ ОБУЧЕНИЕ ЗАВЕРШЕНО УСПЕШНО за 0.3 сек
[2026-05-13 22:15:20] [INFO] ======================================================================
[2026-05-13 23:27:35] [INFO] Флаг --force активирован. Переобучение модели.
[2026-05-13 23:27:35] [INFO] ======================================================================
[2026-05-13 23:27:35] [INFO] Начало обучения модели рекомендаций
[2026-05-13 23:27:35] [INFO] ======================================================================
[2026-05-13 23:27:35] [INFO] Подключение к базе данных...
[2026-05-13 23:27:35] [INFO] ✓ Подключение к БД успешно
[2026-05-13 23:27:35] [INFO] Загрузка данных из БД...
[2026-05-13 23:27:35] [INFO] ✓ Загружено работ: 50
[2026-05-13 23:27:35] [INFO] ✓ Загружено лайков: 38
[2026-05-13 23:27:35] [INFO] ✓ Загружено комментариев: 0
[2026-05-13 23:27:35] [INFO] Подготовка матрицы взаимодействий...
[2026-05-13 23:27:35] [INFO] ✓ Всего взаимодействий: 38
[2026-05-13 23:27:35] [INFO] Построение контентных признаков (TF-IDF)...
[2026-05-13 23:27:35] [INFO] ✓ Матрица сходства: (50, 50)
[2026-05-13 23:27:35] [INFO] Обучение SVD модели (это может занять время)...
[2026-05-13 23:27:35] [INFO] ✓ SVD модель обучена успешно
[2026-05-13 23:27:35] [INFO] Оценка качества модели...
[2026-05-13 23:27:35] [INFO] ✓ Precision@5: 0.222
[2026-05-13 23:27:35] [INFO] ✓ Recall@5: 1.000
[2026-05-13 23:27:35] [INFO] ✓ Coverage@5: 0.200
[2026-05-13 23:27:35] [INFO] Создание резервной копии старой модели...
[2026-05-13 23:27:35] [INFO] Создана резервная копия модели: D:\Git\AG-Diploma\VAG-Java\ML-Recommendation\model_cache\backups\recommendation_model_20260513_232735.pkl
[2026-05-13 23:27:35] [INFO] Сохранение обученной модели...
[2026-05-13 23:27:35] [INFO] ✓ Модель сохранена: D:\Git\AG-Diploma\VAG-Java\ML-Recommendation\model_cache\recommendation_model.pkl
[2026-05-13 23:27:35] [INFO] Метаданные модели сохранены: D:\Git\AG-Diploma\VAG-Java\ML-Recommendation\model_cache\model_metadata.json
[2026-05-13 23:27:35] [INFO] ======================================================================
[2026-05-13 23:27:35] [INFO] ✓ ОБУЧЕНИЕ ЗАВЕРШЕНО УСПЕШНО за 0.4 сек
[2026-05-13 23:27:35] [INFO] ======================================================================
[2026-05-13 23:33:13] [INFO] Флаг --force активирован. Переобучение модели.
[2026-05-13 23:33:13] [INFO] ======================================================================
[2026-05-13 23:33:13] [INFO] Начало обучения модели рекомендаций
[2026-05-13 23:33:13] [INFO] ======================================================================
[2026-05-13 23:33:13] [INFO] Подключение к базе данных...
[2026-05-13 23:33:13] [INFO] ✓ Подключение к БД успешно
[2026-05-13 23:33:13] [INFO] Загрузка данных из БД...
[2026-05-13 23:33:13] [INFO] ✓ Загружено работ: 50
[2026-05-13 23:33:13] [INFO] ✓ Загружено лайков: 38
[2026-05-13 23:33:13] [INFO] ✓ Загружено комментариев: 0
[2026-05-13 23:33:13] [INFO] Подготовка матрицы взаимодействий...
[2026-05-13 23:33:13] [INFO] ✓ Всего взаимодействий: 38
[2026-05-13 23:33:13] [INFO] Построение контентных признаков (TF-IDF)...
[2026-05-13 23:33:13] [INFO] ✓ Матрица сходства: (50, 50)
[2026-05-13 23:33:13] [INFO] Обучение SVD модели (это может занять время)...
[2026-05-13 23:33:13] [INFO] ✓ SVD модель обучена успешно
[2026-05-13 23:33:13] [INFO] Оценка качества модели...
[2026-05-13 23:33:13] [INFO] ✓ Precision@5: 0.222
[2026-05-13 23:33:13] [INFO] ✓ Recall@5: 1.000
[2026-05-13 23:33:13] [INFO] ✓ Coverage@5: 0.200
[2026-05-13 23:33:13] [INFO] Создание резервной копии старой модели...
[2026-05-13 23:33:13] [INFO] Создана резервная копия модели: D:\Git\AG-Diploma\VAG-Java\ML-Recommendation\model_cache\backups\recommendation_model_20260513_233313.pkl
[2026-05-13 23:33:13] [INFO] Сохранение обученной модели...
[2026-05-13 23:33:13] [INFO] ✓ Модель сохранена: D:\Git\AG-Diploma\VAG-Java\ML-Recommendation\model_cache\recommendation_model.pkl
[2026-05-13 23:33:13] [INFO] Метаданные модели сохранены: D:\Git\AG-Diploma\VAG-Java\ML-Recommendation\model_cache\model_metadata.json
[2026-05-13 23:33:13] [INFO] ======================================================================
[2026-05-13 23:33:13] [INFO] ✓ ОБУЧЕНИЕ ЗАВЕРШЕНО УСПЕШНО за 0.2 сек
[2026-05-13 23:33:13] [INFO] ======================================================================
[2026-05-13 23:41:13] [INFO] Флаг --force активирован. Переобучение модели.
[2026-05-13 23:41:13] [INFO] ======================================================================
[2026-05-13 23:41:13] [INFO] Начало обучения модели рекомендаций
[2026-05-13 23:41:13] [INFO] ======================================================================
[2026-05-13 23:41:13] [INFO] Подключение к базе данных...
[2026-05-13 23:41:13] [INFO] ✓ Подключение к БД успешно
[2026-05-13 23:41:13] [INFO] Загрузка данных из БД...
[2026-05-13 23:41:13] [INFO] ✓ Загружено работ: 50
[2026-05-13 23:41:13] [INFO] ✓ Загружено лайков: 40
[2026-05-13 23:41:13] [INFO] ✓ Загружено комментариев: 0
[2026-05-13 23:41:13] [INFO] Подготовка матрицы взаимодействий...
[2026-05-13 23:41:13] [INFO] ✓ Всего взаимодействий: 40
[2026-05-13 23:41:13] [INFO] Построение контентных признаков (TF-IDF)...
[2026-05-13 23:41:13] [INFO] ✓ Матрица сходства: (50, 50)
[2026-05-13 23:41:13] [INFO] Обучение SVD модели (это может занять время)...
[2026-05-13 23:41:13] [INFO] ✓ SVD модель обучена успешно
[2026-05-13 23:41:13] [INFO] Оценка качества модели...
[2026-05-13 23:41:13] [INFO] ✓ Precision@5: 0.400
[2026-05-13 23:41:13] [INFO] ✓ Recall@5: 1.000
[2026-05-13 23:41:13] [INFO] ✓ Coverage@5: 0.200
[2026-05-13 23:41:13] [INFO] Создание резервной копии старой модели...
[2026-05-13 23:41:13] [INFO] Создана резервная копия модели: D:\Git\AG-Diploma\VAG-Java\ML-Recommendation\model_cache\backups\recommendation_model_20260513_234113.pkl
[2026-05-13 23:41:13] [INFO] Сохранение обученной модели...
[2026-05-13 23:41:13] [INFO] ✓ Модель сохранена: D:\Git\AG-Diploma\VAG-Java\ML-Recommendation\model_cache\recommendation_model.pkl
[2026-05-13 23:41:13] [INFO] Метаданные модели сохранены: D:\Git\AG-Diploma\VAG-Java\ML-Recommendation\model_cache\model_metadata.json
[2026-05-13 23:41:13] [INFO] ======================================================================
[2026-05-13 23:41:13] [INFO] ✓ ОБУЧЕНИЕ ЗАВЕРШЕНО УСПЕШНО за 0.3 сек
[2026-05-13 23:41:13] [INFO] ======================================================================
[2026-05-13 23:41:18] [INFO] Флаг --force активирован. Переобучение модели.
[2026-05-13 23:41:18] [INFO] ======================================================================
[2026-05-13 23:41:18] [INFO] Начало обучения модели рекомендаций
[2026-05-13 23:41:18] [INFO] ======================================================================
[2026-05-13 23:41:18] [INFO] Подключение к базе данных...
[2026-05-13 23:41:18] [INFO] ✓ Подключение к БД успешно
[2026-05-13 23:41:18] [INFO] Загрузка данных из БД...
[2026-05-13 23:41:18] [INFO] ✓ Загружено работ: 50
[2026-05-13 23:41:18] [INFO] ✓ Загружено лайков: 39
[2026-05-13 23:41:18] [INFO] ✓ Загружено комментариев: 0
[2026-05-13 23:41:18] [INFO] Подготовка матрицы взаимодействий...
[2026-05-13 23:41:18] [INFO] ✓ Всего взаимодействий: 39
[2026-05-13 23:41:18] [INFO] Построение контентных признаков (TF-IDF)...
[2026-05-13 23:41:18] [INFO] ✓ Матрица сходства: (50, 50)
[2026-05-13 23:41:18] [INFO] Обучение SVD модели (это может занять время)...
[2026-05-13 23:41:18] [INFO] ✓ SVD модель обучена успешно
[2026-05-13 23:41:18] [INFO] Оценка качества модели...
[2026-05-13 23:41:18] [INFO] ✓ Precision@5: 0.333
[2026-05-13 23:41:18] [INFO] ✓ Recall@5: 1.000
[2026-05-13 23:41:18] [INFO] ✓ Coverage@5: 0.180
[2026-05-13 23:41:18] [INFO] Создание резервной копии старой модели...
[2026-05-13 23:41:18] [INFO] Создана резервная копия модели: D:\Git\AG-Diploma\VAG-Java\ML-Recommendation\model_cache\backups\recommendation_model_20260513_234118.pkl
[2026-05-13 23:41:18] [INFO] Сохранение обученной модели...
[2026-05-13 23:41:18] [INFO] ✓ Модель сохранена: D:\Git\AG-Diploma\VAG-Java\ML-Recommendation\model_cache\recommendation_model.pkl
[2026-05-13 23:41:18] [INFO] Метаданные модели сохранены: D:\Git\AG-Diploma\VAG-Java\ML-Recommendation\model_cache\model_metadata.json
[2026-05-13 23:41:18] [INFO] ======================================================================
[2026-05-13 23:41:18] [INFO] ✓ ОБУЧЕНИЕ ЗАВЕРШЕНО УСПЕШНО за 0.3 сек
[2026-05-13 23:41:18] [INFO] ======================================================================
[2026-05-13 23:46:57] [INFO] Флаг --force активирован. Переобучение модели.
[2026-05-13 23:46:57] [INFO] ======================================================================
[2026-05-13 23:46:57] [INFO] Начало обучения модели рекомендаций
[2026-05-13 23:46:57] [INFO] ======================================================================
[2026-05-13 23:46:57] [INFO] Подключение к базе данных...
[2026-05-13 23:46:57] [INFO] ✓ Подключение к БД успешно
[2026-05-13 23:46:57] [INFO] Загрузка данных из БД...
[2026-05-13 23:46:57] [INFO] ✓ Загружено работ: 50
[2026-05-13 23:46:57] [INFO] ✓ Загружено лайков: 38
[2026-05-13 23:46:57] [INFO] ✓ Загружено комментариев: 0
[2026-05-13 23:46:57] [INFO] Подготовка матрицы взаимодействий...
[2026-05-13 23:46:57] [INFO] ✓ Всего взаимодействий: 38
[2026-05-13 23:46:57] [INFO] Построение контентных признаков (TF-IDF)...
[2026-05-13 23:46:57] [INFO] ✓ Матрица сходства: (50, 50)
[2026-05-13 23:46:57] [INFO] Обучение SVD модели (это может занять время)...
[2026-05-13 23:46:57] [INFO] ✓ SVD модель обучена успешно
[2026-05-13 23:46:57] [INFO] Оценка качества модели...
[2026-05-13 23:46:57] [INFO] ✓ Precision@5: 0.250
[2026-05-13 23:46:57] [INFO] ✓ Recall@5: 1.000
[2026-05-13 23:46:57] [INFO] ✓ Coverage@5: 0.200
[2026-05-13 23:46:57] [INFO] Создание резервной копии старой модели...
[2026-05-13 23:46:57] [INFO] Создана резервная копия модели: D:\Git\AG-Diploma\VAG-Java\ML-Recommendation\model_cache\backups\recommendation_model_20260513_234657.pkl
[2026-05-13 23:46:57] [INFO] Сохранение обученной модели...
[2026-05-13 23:46:57] [INFO] ✓ Модель сохранена: D:\Git\AG-Diploma\VAG-Java\ML-Recommendation\model_cache\recommendation_model.pkl
[2026-05-13 23:46:57] [INFO] Метаданные модели сохранены: D:\Git\AG-Diploma\VAG-Java\ML-Recommendation\model_cache\model_metadata.json
[2026-05-13 23:46:57] [INFO] ======================================================================
[2026-05-13 23:46:57] [INFO] ✓ ОБУЧЕНИЕ ЗАВЕРШЕНО УСПЕШНО за 0.3 сек
[2026-05-13 23:46:57] [INFO] ======================================================================
[2026-05-13 23:46:59] [INFO] Флаг --force активирован. Переобучение модели.
[2026-05-13 23:46:59] [INFO] ======================================================================
[2026-05-13 23:46:59] [INFO] Начало обучения модели рекомендаций
[2026-05-13 23:46:59] [INFO] ======================================================================
[2026-05-13 23:46:59] [INFO] Подключение к базе данных...
[2026-05-13 23:46:59] [INFO] ✓ Подключение к БД успешно
[2026-05-13 23:46:59] [INFO] Загрузка данных из БД...
[2026-05-13 23:46:59] [INFO] ✓ Загружено работ: 50
[2026-05-13 23:46:59] [INFO] ✓ Загружено лайков: 39
[2026-05-13 23:46:59] [INFO] ✓ Загружено комментариев: 0
[2026-05-13 23:46:59] [INFO] Подготовка матрицы взаимодействий...
[2026-05-13 23:46:59] [INFO] ✓ Всего взаимодействий: 39
[2026-05-13 23:46:59] [INFO] Построение контентных признаков (TF-IDF)...
[2026-05-13 23:46:59] [INFO] ✓ Матрица сходства: (50, 50)
[2026-05-13 23:46:59] [INFO] Обучение SVD модели (это может занять время)...
[2026-05-13 23:46:59] [INFO] ✓ SVD модель обучена успешно
[2026-05-13 23:46:59] [INFO] Оценка качества модели...
[2026-05-13 23:46:59] [INFO] ✓ Precision@5: 0.333
[2026-05-13 23:46:59] [INFO] ✓ Recall@5: 1.000
[2026-05-13 23:46:59] [INFO] ✓ Coverage@5: 0.180
[2026-05-13 23:46:59] [INFO] Создание резервной копии старой модели...
[2026-05-13 23:46:59] [INFO] Создана резервная копия модели: D:\Git\AG-Diploma\VAG-Java\ML-Recommendation\model_cache\backups\recommendation_model_20260513_234659.pkl
[2026-05-13 23:46:59] [INFO] Сохранение обученной модели...
[2026-05-13 23:46:59] [INFO] ✓ Модель сохранена: D:\Git\AG-Diploma\VAG-Java\ML-Recommendation\model_cache\recommendation_model.pkl
[2026-05-13 23:46:59] [INFO] Метаданные модели сохранены: D:\Git\AG-Diploma\VAG-Java\ML-Recommendation\model_cache\model_metadata.json
[2026-05-13 23:46:59] [INFO] ======================================================================
[2026-05-13 23:46:59] [INFO] ✓ ОБУЧЕНИЕ ЗАВЕРШЕНО УСПЕШНО за 0.3 сек
[2026-05-13 23:46:59] [INFO] ======================================================================
[2026-05-13 23:51:47] [INFO] Флаг --force активирован. Переобучение модели.
[2026-05-13 23:51:47] [INFO] ======================================================================
[2026-05-13 23:51:47] [INFO] Начало обучения модели рекомендаций
[2026-05-13 23:51:47] [INFO] ======================================================================
[2026-05-13 23:51:47] [INFO] Подключение к базе данных...
[2026-05-13 23:51:47] [INFO] ✓ Подключение к БД успешно
[2026-05-13 23:51:47] [INFO] Загрузка данных из БД...
[2026-05-13 23:51:48] [INFO] ✓ Загружено работ: 50
[2026-05-13 23:51:48] [INFO] ✓ Загружено лайков: 38
[2026-05-13 23:51:48] [INFO] ✓ Загружено комментариев: 0
[2026-05-13 23:51:48] [INFO] Подготовка матрицы взаимодействий...
[2026-05-13 23:51:48] [INFO] ✓ Всего взаимодействий: 38
[2026-05-13 23:51:48] [INFO] Построение контентных признаков (TF-IDF)...
[2026-05-13 23:51:48] [INFO] ✓ Матрица сходства: (50, 50)
[2026-05-13 23:51:48] [INFO] Обучение SVD модели (это может занять время)...
[2026-05-13 23:51:48] [INFO] ✓ SVD модель обучена успешно
[2026-05-13 23:51:48] [INFO] Оценка качества модели...
[2026-05-13 23:51:48] [INFO] ✓ Precision@5: 0.286
[2026-05-13 23:51:48] [INFO] ✓ Recall@5: 1.000
[2026-05-13 23:51:48] [INFO] ✓ Coverage@5: 0.200
[2026-05-13 23:51:48] [INFO] Создание резервной копии старой модели...
[2026-05-13 23:51:48] [INFO] Создана резервная копия модели: D:\Git\AG-Diploma\VAG-Java\ML-Recommendation\model_cache\backups\recommendation_model_20260513_235148.pkl
[2026-05-13 23:51:48] [INFO] Сохранение обученной модели...
[2026-05-13 23:51:48] [INFO] ✓ Модель сохранена: D:\Git\AG-Diploma\VAG-Java\ML-Recommendation\model_cache\recommendation_model.pkl
[2026-05-13 23:51:48] [INFO] Метаданные модели сохранены: D:\Git\AG-Diploma\VAG-Java\ML-Recommendation\model_cache\model_metadata.json
[2026-05-13 23:51:48] [INFO] ======================================================================
[2026-05-13 23:51:48] [INFO] ✓ ОБУЧЕНИЕ ЗАВЕРШЕНО УСПЕШНО за 0.3 сек
[2026-05-13 23:51:48] [INFO] ======================================================================
[2026-05-13 23:51:50] [INFO] Флаг --force активирован. Переобучение модели.
[2026-05-13 23:51:50] [INFO] ======================================================================
[2026-05-13 23:51:50] [INFO] Начало обучения модели рекомендаций
[2026-05-13 23:51:50] [INFO] ======================================================================
[2026-05-13 23:51:50] [INFO] Подключение к базе данных...
[2026-05-13 23:51:50] [INFO] ✓ Подключение к БД успешно
[2026-05-13 23:51:50] [INFO] Загрузка данных из БД...
[2026-05-13 23:51:50] [INFO] ✓ Загружено работ: 50
[2026-05-13 23:51:50] [INFO] ✓ Загружено лайков: 38
[2026-05-13 23:51:50] [INFO] ✓ Загружено комментариев: 0
[2026-05-13 23:51:50] [INFO] Подготовка матрицы взаимодействий...
[2026-05-13 23:51:50] [INFO] ✓ Всего взаимодействий: 38
[2026-05-13 23:51:50] [INFO] Построение контентных признаков (TF-IDF)...
[2026-05-13 23:51:50] [INFO] ✓ Матрица сходства: (50, 50)
[2026-05-13 23:51:50] [INFO] Обучение SVD модели (это может занять время)...
[2026-05-13 23:51:50] [INFO] ✓ SVD модель обучена успешно
[2026-05-13 23:51:50] [INFO] Оценка качества модели...
[2026-05-13 23:51:50] [INFO] ✓ Precision@5: 0.286
[2026-05-13 23:51:50] [INFO] ✓ Recall@5: 1.000
[2026-05-13 23:51:50] [INFO] ✓ Coverage@5: 0.200
[2026-05-13 23:51:50] [INFO] Создание резервной копии старой модели...
[2026-05-13 23:51:50] [INFO] Создана резервная копия модели: D:\Git\AG-Diploma\VAG-Java\ML-Recommendation\model_cache\backups\recommendation_model_20260513_235150.pkl
[2026-05-13 23:51:50] [INFO] Сохранение обученной модели...
[2026-05-13 23:51:50] [INFO] ✓ Модель сохранена: D:\Git\AG-Diploma\VAG-Java\ML-Recommendation\model_cache\recommendation_model.pkl
[2026-05-13 23:51:50] [INFO] Метаданные модели сохранены: D:\Git\AG-Diploma\VAG-Java\ML-Recommendation\model_cache\model_metadata.json
[2026-05-13 23:51:50] [INFO] ======================================================================
[2026-05-13 23:51:50] [INFO] ✓ ОБУЧЕНИЕ ЗАВЕРШЕНО УСПЕШНО за 0.3 сек
[2026-05-13 23:51:50] [INFO] ======================================================================
[2026-05-14 00:09:20] [INFO] Флаг --force активирован. Переобучение модели.
[2026-05-14 00:09:20] [INFO] ======================================================================
[2026-05-14 00:09:20] [INFO] Начало обучения модели рекомендаций
[2026-05-14 00:09:20] [INFO] ======================================================================
[2026-05-14 00:09:20] [INFO] Подключение к базе данных...
[2026-05-14 00:09:20] [INFO] ✓ Подключение к БД успешно
[2026-05-14 00:09:20] [INFO] Загрузка данных из БД...
[2026-05-14 00:09:20] [INFO] ✓ Загружено работ: 50
[2026-05-14 00:09:20] [INFO] ✓ Загружено лайков: 38
[2026-05-14 00:09:20] [INFO] ✓ Загружено комментариев: 0
[2026-05-14 00:09:20] [INFO] Подготовка матрицы взаимодействий...
[2026-05-14 00:09:20] [INFO] ✓ Всего взаимодействий: 38
[2026-05-14 00:09:20] [INFO] Построение контентных признаков (TF-IDF)...
[2026-05-14 00:09:20] [INFO] ✓ Матрица сходства: (50, 50)
[2026-05-14 00:09:20] [INFO] Обучение SVD модели (это может занять время)...
[2026-05-14 00:09:20] [INFO] ✓ SVD модель обучена успешно
[2026-05-14 00:09:20] [INFO] Оценка качества модели...
[2026-05-14 00:09:20] [INFO] ✓ Precision@5: 0.250
[2026-05-14 00:09:20] [INFO] ✓ Recall@5: 1.000
[2026-05-14 00:09:20] [INFO] ✓ Coverage@5: 0.200
[2026-05-14 00:09:20] [INFO] Создание резервной копии старой модели...
[2026-05-14 00:09:20] [INFO] Создана резервная копия модели: D:\Git\AG-Diploma\VAG-Java\ML-Recommendation\model_cache\backups\recommendation_model_20260514_000920.pkl
[2026-05-14 00:09:20] [INFO] Сохранение обученной модели...
[2026-05-14 00:09:20] [INFO] ✓ Модель сохранена: D:\Git\AG-Diploma\VAG-Java\ML-Recommendation\model_cache\recommendation_model.pkl
[2026-05-14 00:09:20] [INFO] Метаданные модели сохранены: D:\Git\AG-Diploma\VAG-Java\ML-Recommendation\model_cache\model_metadata.json
[2026-05-14 00:09:20] [INFO] ======================================================================
[2026-05-14 00:09:20] [INFO] ✓ ОБУЧЕНИЕ ЗАВЕРШЕНО УСПЕШНО за 0.2 сек
[2026-05-14 00:09:20] [INFO] ======================================================================
[2026-05-14 00:09:22] [INFO] Флаг --force активирован. Переобучение модели.
[2026-05-14 00:09:22] [INFO] ======================================================================
[2026-05-14 00:09:22] [INFO] Начало обучения модели рекомендаций
[2026-05-14 00:09:22] [INFO] ======================================================================
[2026-05-14 00:09:22] [INFO] Подключение к базе данных...
[2026-05-14 00:09:22] [INFO] ✓ Подключение к БД успешно
[2026-05-14 00:09:22] [INFO] Загрузка данных из БД...
[2026-05-14 00:09:22] [INFO] ✓ Загружено работ: 50
[2026-05-14 00:09:22] [INFO] ✓ Загружено лайков: 39
[2026-05-14 00:09:22] [INFO] ✓ Загружено комментариев: 0
[2026-05-14 00:09:22] [INFO] Подготовка матрицы взаимодействий...
[2026-05-14 00:09:22] [INFO] ✓ Всего взаимодействий: 39
[2026-05-14 00:09:22] [INFO] Построение контентных признаков (TF-IDF)...
[2026-05-14 00:09:22] [INFO] ✓ Матрица сходства: (50, 50)
[2026-05-14 00:09:22] [INFO] Обучение SVD модели (это может занять время)...
[2026-05-14 00:09:22] [INFO] ✓ SVD модель обучена успешно
[2026-05-14 00:09:22] [INFO] Оценка качества модели...
[2026-05-14 00:09:22] [INFO] ✓ Precision@5: 0.333
[2026-05-14 00:09:22] [INFO] ✓ Recall@5: 1.000
[2026-05-14 00:09:22] [INFO] ✓ Coverage@5: 0.180
[2026-05-14 00:09:22] [INFO] Создание резервной копии старой модели...
[2026-05-14 00:09:22] [INFO] Создана резервная копия модели: D:\Git\AG-Diploma\VAG-Java\ML-Recommendation\model_cache\backups\recommendation_model_20260514_000922.pkl
[2026-05-14 00:09:22] [INFO] Сохранение обученной модели...
[2026-05-14 00:09:22] [INFO] ✓ Модель сохранена: D:\Git\AG-Diploma\VAG-Java\ML-Recommendation\model_cache\recommendation_model.pkl
[2026-05-14 00:09:22] [INFO] Метаданные модели сохранены: D:\Git\AG-Diploma\VAG-Java\ML-Recommendation\model_cache\model_metadata.json
[2026-05-14 00:09:22] [INFO] ======================================================================
[2026-05-14 00:09:22] [INFO] ✓ ОБУЧЕНИЕ ЗАВЕРШЕНО УСПЕШНО за 0.2 сек
[2026-05-14 00:09:22] [INFO] ======================================================================
[2026-05-14 00:09:44] [INFO] Флаг --force активирован. Переобучение модели.
[2026-05-14 00:09:44] [INFO] ======================================================================
[2026-05-14 00:09:44] [INFO] Начало обучения модели рекомендаций
[2026-05-14 00:09:44] [INFO] ======================================================================
[2026-05-14 00:09:44] [INFO] Подключение к базе данных...
[2026-05-14 00:09:44] [INFO] ✓ Подключение к БД успешно
[2026-05-14 00:09:44] [INFO] Загрузка данных из БД...
[2026-05-14 00:09:44] [INFO] ✓ Загружено работ: 50
[2026-05-14 00:09:44] [INFO] ✓ Загружено лайков: 39
[2026-05-14 00:09:44] [INFO] ✓ Загружено комментариев: 0
[2026-05-14 00:09:44] [INFO] Подготовка матрицы взаимодействий...
[2026-05-14 00:09:44] [INFO] ✓ Всего взаимодействий: 39
[2026-05-14 00:09:44] [INFO] Построение контентных признаков (TF-IDF)...
[2026-05-14 00:09:44] [INFO] ✓ Матрица сходства: (50, 50)
[2026-05-14 00:09:44] [INFO] Обучение SVD модели (это может занять время)...
[2026-05-14 00:09:44] [INFO] ✓ SVD модель обучена успешно
[2026-05-14 00:09:44] [INFO] Оценка качества модели...
[2026-05-14 00:09:44] [INFO] ✓ Precision@5: 0.333
[2026-05-14 00:09:44] [INFO] ✓ Recall@5: 1.000
[2026-05-14 00:09:44] [INFO] ✓ Coverage@5: 0.180
[2026-05-14 00:09:44] [INFO] Создание резервной копии старой модели...
[2026-05-14 00:09:44] [INFO] Создана резервная копия модели: D:\Git\AG-Diploma\VAG-Java\ML-Recommendation\model_cache\backups\recommendation_model_20260514_000944.pkl
[2026-05-14 00:09:44] [INFO] Сохранение обученной модели...
[2026-05-14 00:09:44] [INFO] ✓ Модель сохранена: D:\Git\AG-Diploma\VAG-Java\ML-Recommendation\model_cache\recommendation_model.pkl
[2026-05-14 00:09:44] [INFO] Метаданные модели сохранены: D:\Git\AG-Diploma\VAG-Java\ML-Recommendation\model_cache\model_metadata.json
[2026-05-14 00:09:44] [INFO] ======================================================================
[2026-05-14 00:09:44] [INFO] ✓ ОБУЧЕНИЕ ЗАВЕРШЕНО УСПЕШНО за 0.2 сек
[2026-05-14 00:09:44] [INFO] ======================================================================
[2026-05-14 00:19:52] [INFO] Флаг --force активирован. Переобучение модели.
[2026-05-14 00:19:52] [INFO] ======================================================================
[2026-05-14 00:19:52] [INFO] Начало обучения модели рекомендаций
[2026-05-14 00:19:52] [INFO] ======================================================================
[2026-05-14 00:19:52] [INFO] Подключение к базе данных...
[2026-05-14 00:19:53] [INFO] ✓ Подключение к БД успешно
[2026-05-14 00:19:53] [INFO] Загрузка данных из БД...
[2026-05-14 00:19:53] [INFO] ✓ Загружено работ: 50
[2026-05-14 00:19:53] [INFO] ✓ Загружено лайков: 39
[2026-05-14 00:19:53] [INFO] ✓ Загружено комментариев: 0
[2026-05-14 00:19:53] [INFO] Подготовка матрицы взаимодействий...
[2026-05-14 00:19:53] [INFO] ✓ Всего взаимодействий: 39
[2026-05-14 00:19:53] [INFO] Построение контентных признаков (TF-IDF)...
[2026-05-14 00:19:53] [INFO] ✓ Матрица сходства: (50, 50)
[2026-05-14 00:19:53] [INFO] Обучение SVD модели (это может занять время)...
[2026-05-14 00:19:53] [INFO] ✓ SVD модель обучена успешно
[2026-05-14 00:19:53] [INFO] Оценка качества модели...
[2026-05-14 00:19:53] [INFO] ✓ Precision@5: 0.333
[2026-05-14 00:19:53] [INFO] ✓ Recall@5: 1.000
[2026-05-14 00:19:53] [INFO] ✓ Coverage@5: 0.180
[2026-05-14 00:19:53] [INFO] Создание резервной копии старой модели...
[2026-05-14 00:19:53] [INFO] Создана резервная копия модели: D:\Git\AG-Diploma\VAG-Java\ML-Recommendation\model_cache\backups\recommendation_model_20260514_001953.pkl
[2026-05-14 00:19:53] [INFO] Сохранение обученной модели...
[2026-05-14 00:19:53] [INFO] ✓ Модель сохранена: D:\Git\AG-Diploma\VAG-Java\ML-Recommendation\model_cache\recommendation_model.pkl
[2026-05-14 00:19:53] [INFO] Метаданные модели сохранены: D:\Git\AG-Diploma\VAG-Java\ML-Recommendation\model_cache\model_metadata.json
[2026-05-14 00:19:53] [INFO] ======================================================================
[2026-05-14 00:19:53] [INFO] ✓ ОБУЧЕНИЕ ЗАВЕРШЕНО УСПЕШНО за 0.2 сек
[2026-05-14 00:19:53] [INFO] ======================================================================
[2026-05-14 13:47:26] [INFO] Флаг --force активирован. Переобучение модели.
[2026-05-14 13:47:26] [INFO] ======================================================================
[2026-05-14 13:47:26] [INFO] Начало обучения модели рекомендаций
[2026-05-14 13:47:26] [INFO] ======================================================================
[2026-05-14 13:47:26] [INFO] Подключение к базе данных...
[2026-05-14 13:47:27] [INFO] ✓ Подключение к БД успешно
[2026-05-14 13:47:27] [INFO] Загрузка данных из БД...
[2026-05-14 13:47:27] [INFO] ✓ Загружено работ: 50
[2026-05-14 13:47:27] [INFO] ✓ Загружено лайков: 39
[2026-05-14 13:47:27] [INFO] ✓ Загружено комментариев: 0
[2026-05-14 13:47:27] [INFO] Подготовка матрицы взаимодействий...
[2026-05-14 13:47:27] [INFO] ✓ Всего взаимодействий: 39
[2026-05-14 13:47:27] [INFO] Построение контентных признаков (TF-IDF)...
[2026-05-14 13:47:27] [INFO] ✓ Матрица сходства: (50, 50)
[2026-05-14 13:47:27] [INFO] Обучение SVD модели (это может занять время)...
[2026-05-14 13:47:27] [INFO] ✓ SVD модель обучена успешно
[2026-05-14 13:47:27] [INFO] Оценка качества модели...
[2026-05-14 13:47:27] [INFO] ✓ Precision@5: 0.333
[2026-05-14 13:47:27] [INFO] ✓ Recall@5: 1.000
[2026-05-14 13:47:27] [INFO] ✓ Coverage@5: 0.180
[2026-05-14 13:47:27] [INFO] Создание резервной копии старой модели...
[2026-05-14 13:47:27] [INFO] Создана резервная копия модели: D:\Git\AG-Diploma\VAG-Java\ML-Recommendation\model_cache\backups\recommendation_model_20260514_134727.pkl
[2026-05-14 13:47:27] [INFO] Сохранение обученной модели...
[2026-05-14 13:47:27] [INFO] ✓ Модель сохранена: D:\Git\AG-Diploma\VAG-Java\ML-Recommendation\model_cache\recommendation_model.pkl
[2026-05-14 13:47:27] [INFO] Метаданные модели сохранены: D:\Git\AG-Diploma\VAG-Java\ML-Recommendation\model_cache\model_metadata.json
[2026-05-14 13:47:27] [INFO] ======================================================================
[2026-05-14 13:47:27] [INFO] ✓ ОБУЧЕНИЕ ЗАВЕРШЕНО УСПЕШНО за 0.4 сек
[2026-05-14 13:47:27] [INFO] ======================================================================
[2026-05-15 17:18:24] [INFO] Флаг --force активирован. Переобучение модели.
[2026-05-15 17:18:24] [INFO] ======================================================================
[2026-05-15 17:18:24] [INFO] Начало обучения модели рекомендаций
[2026-05-15 17:18:24] [INFO] ======================================================================
[2026-05-15 17:18:24] [INFO] Подключение к базе данных...
[2026-05-15 17:18:24] [INFO] ✓ Подключение к БД успешно
[2026-05-15 17:18:24] [INFO] Загрузка данных из БД...
[2026-05-15 17:18:24] [INFO] ✓ Загружено работ: 50
[2026-05-15 17:18:24] [INFO] ✓ Загружено лайков: 39
[2026-05-15 17:18:24] [INFO] ✓ Загружено комментариев: 0
[2026-05-15 17:18:24] [INFO] Подготовка матрицы взаимодействий...
[2026-05-15 17:18:24] [INFO] ✓ Всего взаимодействий: 39
[2026-05-15 17:18:24] [INFO] Построение контентных признаков (TF-IDF)...
[2026-05-15 17:18:24] [INFO] ✓ Матрица сходства: (50, 50)
[2026-05-15 17:18:24] [INFO] Обучение SVD модели (это может занять время)...
[2026-05-15 17:18:24] [INFO] ✓ SVD модель обучена успешно
[2026-05-15 17:18:24] [INFO] Оценка качества модели...
[2026-05-15 17:18:24] [INFO] ✓ Precision@5: 0.333
[2026-05-15 17:18:24] [INFO] ✓ Recall@5: 1.000
[2026-05-15 17:18:24] [INFO] ✓ Coverage@5: 0.180
[2026-05-15 17:18:24] [INFO] Создание резервной копии старой модели...
[2026-05-15 17:18:24] [INFO] Создана резервная копия модели: D:\Git\AG-Diploma\VAG-Java\ML-Recommendation\model_cache\backups\recommendation_model_20260515_171824.pkl
[2026-05-15 17:18:24] [INFO] Сохранение обученной модели...
[2026-05-15 17:18:24] [INFO] ✓ Модель сохранена: D:\Git\AG-Diploma\VAG-Java\ML-Recommendation\model_cache\recommendation_model.pkl
[2026-05-15 17:18:24] [INFO] Метаданные модели сохранены: D:\Git\AG-Diploma\VAG-Java\ML-Recommendation\model_cache\model_metadata.json
[2026-05-15 17:18:24] [INFO] ======================================================================
[2026-05-15 17:18:24] [INFO] ✓ ОБУЧЕНИЕ ЗАВЕРШЕНО УСПЕШНО за 0.5 сек
[2026-05-15 17:18:24] [INFO] ======================================================================
[2026-05-15 17:48:58] [INFO] Флаг --force активирован. Переобучение модели.
[2026-05-15 17:48:58] [INFO] ======================================================================
[2026-05-15 17:48:58] [INFO] Начало обучения модели рекомендаций
[2026-05-15 17:48:58] [INFO] ======================================================================
[2026-05-15 17:48:58] [INFO] Подключение к базе данных...
[2026-05-15 17:48:58] [INFO] ✓ Подключение к БД успешно
[2026-05-15 17:48:58] [INFO] Загрузка данных из БД...
[2026-05-15 17:48:58] [INFO] ✓ Загружено работ: 50
[2026-05-15 17:48:58] [INFO] ✓ Загружено лайков: 39
[2026-05-15 17:48:58] [INFO] ✓ Загружено комментариев: 0
[2026-05-15 17:48:58] [INFO] Подготовка матрицы взаимодействий...
[2026-05-15 17:48:58] [INFO] ✓ Всего взаимодействий: 39
[2026-05-15 17:48:58] [INFO] Построение контентных признаков (TF-IDF)...
[2026-05-15 17:48:58] [INFO] ✓ Матрица сходства: (50, 50)
[2026-05-15 17:48:58] [INFO] Обучение SVD модели (это может занять время)...
[2026-05-15 17:48:58] [INFO] ✓ SVD модель обучена успешно
[2026-05-15 17:48:58] [INFO] Оценка качества модели...
[2026-05-15 17:48:58] [INFO] ✓ Precision@5: 0.333
[2026-05-15 17:48:58] [INFO] ✓ Recall@5: 1.000
[2026-05-15 17:48:58] [INFO] ✓ Coverage@5: 0.180
[2026-05-15 17:48:58] [INFO] Создание резервной копии старой модели...
[2026-05-15 17:48:58] [INFO] Создана резервная копия модели: D:\Git\AG-Diploma\VAG-Java\ML-Recommendation\model_cache\backups\recommendation_model_20260515_174858.pkl
[2026-05-15 17:48:58] [INFO] Сохранение обученной модели...
[2026-05-15 17:48:58] [INFO] ✓ Модель сохранена: D:\Git\AG-Diploma\VAG-Java\ML-Recommendation\model_cache\recommendation_model.pkl
[2026-05-15 17:48:58] [INFO] Метаданные модели сохранены: D:\Git\AG-Diploma\VAG-Java\ML-Recommendation\model_cache\model_metadata.json
[2026-05-15 17:48:58] [INFO] ======================================================================
[2026-05-15 17:48:58] [INFO] ✓ ОБУЧЕНИЕ ЗАВЕРШЕНО УСПЕШНО за 0.2 сек
[2026-05-15 17:48:58] [INFO] ======================================================================
[2026-05-15 23:14:27] [INFO] Флаг --force активирован. Переобучение модели.
[2026-05-15 23:14:27] [INFO] ======================================================================
[2026-05-15 23:14:27] [INFO] Начало обучения модели рекомендаций
[2026-05-15 23:14:27] [INFO] ======================================================================
[2026-05-15 23:14:27] [INFO] Подключение к базе данных...
[2026-05-15 23:14:27] [INFO] ✓ Подключение к БД успешно
[2026-05-15 23:14:27] [INFO] Загрузка данных из БД...
[2026-05-15 23:14:27] [INFO] ✓ Загружено работ: 49
[2026-05-15 23:14:27] [INFO] ✓ Загружено лайков: 40
[2026-05-15 23:14:27] [INFO] ✓ Загружено комментариев: 0
[2026-05-15 23:14:27] [INFO] Подготовка матрицы взаимодействий...
[2026-05-15 23:14:27] [INFO] ✓ Всего взаимодействий: 40
[2026-05-15 23:14:27] [INFO] Построение контентных признаков (TF-IDF)...
[2026-05-15 23:14:27] [INFO] ✓ Матрица сходства: (49, 49)
[2026-05-15 23:14:27] [INFO] Обучение SVD модели (это может занять время)...
[2026-05-15 23:14:27] [INFO] ✓ SVD модель обучена успешно
[2026-05-15 23:14:27] [INFO] Оценка качества модели...
[2026-05-15 23:14:27] [INFO] ✓ Precision@5: 0.250
[2026-05-15 23:14:27] [INFO] ✓ Recall@5: 1.000
[2026-05-15 23:14:27] [INFO] ✓ Coverage@5: 0.184
[2026-05-15 23:14:27] [INFO] Создание резервной копии старой модели...
[2026-05-15 23:14:27] [INFO] Создана резервная копия модели: D:\Git\AG-Diploma\VAG-Java\CODE_VAG\ML-Recommendation\model_cache\backups\recommendation_model_20260515_231427.pkl
[2026-05-15 23:14:27] [INFO] Сохранение обученной модели...
[2026-05-15 23:14:27] [INFO] ✓ Модель сохранена: D:\Git\AG-Diploma\VAG-Java\CODE_VAG\ML-Recommendation\model_cache\recommendation_model.pkl
[2026-05-15 23:14:27] [INFO] Метаданные модели сохранены: D:\Git\AG-Diploma\VAG-Java\CODE_VAG\ML-Recommendation\model_cache\model_metadata.json
[2026-05-15 23:14:27] [INFO] ======================================================================
[2026-05-15 23:14:27] [INFO] ✓ ОБУЧЕНИЕ ЗАВЕРШЕНО УСПЕШНО за 0.4 сек
[2026-05-15 23:14:27] [INFO] ======================================================================
[2026-05-16 15:55:20] [INFO] Начало обучения модели (используйте --force для принудительного переобучения)
[2026-05-16 15:55:20] [INFO] ======================================================================
[2026-05-16 15:55:20] [INFO] Начало обучения модели рекомендаций
[2026-05-16 15:55:20] [INFO] ======================================================================
[2026-05-16 15:55:20] [INFO] Подключение к базе данных...
[2026-05-16 15:55:20] [INFO] ✓ Подключение к БД успешно
[2026-05-16 15:55:20] [INFO] Загрузка данных из БД...
[2026-05-16 15:55:20] [INFO] ✓ Загружено работ: 49
[2026-05-16 15:55:20] [INFO] ✓ Загружено лайков: 40
[2026-05-16 15:55:20] [INFO] ✓ Загружено комментариев: 0
[2026-05-16 15:55:20] [INFO] Подготовка матрицы взаимодействий...
[2026-05-16 15:55:20] [INFO] ✓ Всего взаимодействий: 40
[2026-05-16 15:55:20] [INFO] Построение контентных признаков (TF-IDF)...
[2026-05-16 15:55:20] [INFO] ✓ Матрица сходства: (49, 49)
[2026-05-16 15:55:20] [INFO] Обучение SVD модели (это может занять время)...
[2026-05-16 15:55:20] [INFO] ✓ SVD модель обучена успешно
[2026-05-16 15:55:20] [INFO] Оценка качества модели...
[2026-05-16 15:55:20] [INFO] ✓ Precision@5: 0.250
[2026-05-16 15:55:20] [INFO] ✓ Recall@5: 1.000
[2026-05-16 15:55:20] [INFO] ✓ Coverage@5: 0.184
[2026-05-16 15:55:20] [INFO] Создание резервной копии старой модели...
[2026-05-16 15:55:20] [INFO] Создана резервная копия модели: d:\Git\AG-Diploma\VAG-Java\CODE_VAG\ML-Recommendation\model_cache\backups\recommendation_model_20260516_155520.pkl
[2026-05-16 15:55:20] [INFO] Сохранение обученной модели...
[2026-05-16 15:55:20] [INFO] ✓ Модель сохранена: d:\Git\AG-Diploma\VAG-Java\CODE_VAG\ML-Recommendation\model_cache\recommendation_model.pkl
[2026-05-16 15:55:20] [INFO] Метаданные модели сохранены: d:\Git\AG-Diploma\VAG-Java\CODE_VAG\ML-Recommendation\model_cache\model_metadata.json
[2026-05-16 15:55:20] [INFO] ======================================================================
[2026-05-16 15:55:20] [INFO] ✓ ОБУЧЕНИЕ ЗАВЕРШЕНО УСПЕШНО за 0.1 сек
[2026-05-16 15:55:20] [INFO] ======================================================================
[2026-05-16 15:57:38] [INFO] Начало обучения модели (используйте --force для принудительного переобучения)
[2026-05-16 15:57:38] [INFO] ======================================================================
[2026-05-16 15:57:38] [INFO] Начало обучения модели рекомендаций
[2026-05-16 15:57:38] [INFO] ======================================================================
[2026-05-16 15:57:38] [INFO] Подключение к базе данных...
[2026-05-16 15:57:38] [INFO] ✓ Подключение к БД успешно
[2026-05-16 15:57:38] [INFO] Загрузка данных из БД...
[2026-05-16 15:57:38] [INFO] ✓ Загружено работ: 49
[2026-05-16 15:57:38] [INFO] ✓ Загружено лайков: 40
[2026-05-16 15:57:38] [INFO] ✓ Загружено комментариев: 0
[2026-05-16 15:57:38] [INFO] Подготовка матрицы взаимодействий...
[2026-05-16 15:57:38] [INFO] ✓ Всего взаимодействий: 40
[2026-05-16 15:57:38] [INFO] Построение контентных признаков (TF-IDF)...
[2026-05-16 15:57:38] [INFO] ✓ Матрица сходства: (49, 49)
[2026-05-16 15:57:38] [INFO] Обучение SVD модели (это может занять время)...
[2026-05-16 15:57:38] [INFO] ✓ SVD модель обучена успешно
[2026-05-16 15:57:38] [INFO] Оценка качества модели...
[2026-05-16 15:57:38] [INFO] ✓ Precision@5: 0.250
[2026-05-16 15:57:38] [INFO] ✓ Recall@5: 1.000
[2026-05-16 15:57:38] [INFO] ✓ Coverage@5: 0.184
[2026-05-16 15:57:38] [INFO] Создание резервной копии старой модели...
[2026-05-16 15:57:38] [INFO] Создана резервная копия модели: d:\Git\AG-Diploma\VAG-Java\CODE_VAG\ML-Recommendation\model_cache\backups\recommendation_model_20260516_155738.pkl
[2026-05-16 15:57:38] [INFO] Сохранение обученной модели...
[2026-05-16 15:57:38] [INFO] ✓ Модель сохранена: d:\Git\AG-Diploma\VAG-Java\CODE_VAG\ML-Recommendation\model_cache\recommendation_model.pkl
[2026-05-16 15:57:38] [INFO] Метаданные модели сохранены: d:\Git\AG-Diploma\VAG-Java\CODE_VAG\ML-Recommendation\model_cache\model_metadata.json
[2026-05-16 15:57:38] [INFO] ======================================================================
[2026-05-16 15:57:38] [INFO] ✓ ОБУЧЕНИЕ ЗАВЕРШЕНО УСПЕШНО за 0.1 сек
[2026-05-16 15:57:38] [INFO] ======================================================================
[2026-05-16 15:57:59] [INFO] Начало обучения модели (используйте --force для принудительного переобучения)
[2026-05-16 15:57:59] [INFO] ======================================================================
[2026-05-16 15:57:59] [INFO] Начало обучения модели рекомендаций
[2026-05-16 15:57:59] [INFO] ======================================================================
[2026-05-16 15:57:59] [INFO] Подключение к базе данных...
[2026-05-16 15:57:59] [INFO] ✓ Подключение к БД успешно
[2026-05-16 15:57:59] [INFO] Загрузка данных из БД...
[2026-05-16 15:57:59] [INFO] ✓ Загружено работ: 49
[2026-05-16 15:57:59] [INFO] ✓ Загружено лайков: 40
[2026-05-16 15:57:59] [INFO] ✓ Загружено комментариев: 0
[2026-05-16 15:57:59] [INFO] Подготовка матрицы взаимодействий...
[2026-05-16 15:57:59] [INFO] ✓ Всего взаимодействий: 40
[2026-05-16 15:57:59] [INFO] Построение контентных признаков (TF-IDF)...
[2026-05-16 15:57:59] [INFO] ✓ Матрица сходства: (49, 49)
[2026-05-16 15:57:59] [INFO] Обучение SVD модели (это может занять время)...
[2026-05-16 15:57:59] [INFO] ✓ SVD модель обучена успешно
[2026-05-16 15:57:59] [INFO] Оценка качества модели...
[2026-05-16 15:57:59] [INFO] ✓ Precision@5: 0.250
[2026-05-16 15:57:59] [INFO] ✓ Recall@5: 1.000
[2026-05-16 15:57:59] [INFO] ✓ Coverage@5: 0.184
[2026-05-16 15:57:59] [INFO] Создание резервной копии старой модели...
[2026-05-16 15:57:59] [INFO] Создана резервная копия модели: d:\Git\AG-Diploma\VAG-Java\CODE_VAG\ML-Recommendation\model_cache\backups\recommendation_model_20260516_155759.pkl
[2026-05-16 15:57:59] [INFO] Сохранение обученной модели...
[2026-05-16 15:57:59] [INFO] ✓ Модель сохранена: d:\Git\AG-Diploma\VAG-Java\CODE_VAG\ML-Recommendation\model_cache\recommendation_model.pkl
[2026-05-16 15:57:59] [INFO] Метаданные модели сохранены: d:\Git\AG-Diploma\VAG-Java\CODE_VAG\ML-Recommendation\model_cache\model_metadata.json
[2026-05-16 15:57:59] [INFO] ======================================================================
[2026-05-16 15:57:59] [INFO] ✓ ОБУЧЕНИЕ ЗАВЕРШЕНО УСПЕШНО за 0.1 сек
[2026-05-16 15:57:59] [INFO] ======================================================================
[2026-05-16 16:27:30] [INFO] Флаг --force активирован. Переобучение модели.
[2026-05-16 16:27:30] [INFO] ======================================================================
[2026-05-16 16:27:30] [INFO] Начало обучения модели рекомендаций
[2026-05-16 16:27:30] [INFO] ======================================================================
[2026-05-16 16:27:30] [INFO] Подключение к базе данных...
[2026-05-16 16:27:30] [INFO] ✓ Подключение к БД успешно
[2026-05-16 16:27:30] [INFO] Загрузка данных из БД...
[2026-05-16 16:27:30] [INFO] ✓ Загружено работ: 49
[2026-05-16 16:27:30] [INFO] ✓ Загружено лайков: 40
[2026-05-16 16:27:30] [INFO] ✓ Загружено комментариев: 0
[2026-05-16 16:27:30] [INFO] Подготовка матрицы взаимодействий...
[2026-05-16 16:27:30] [INFO] ✓ Всего взаимодействий: 40
[2026-05-16 16:27:30] [INFO] Построение контентных признаков (TF-IDF)...
[2026-05-16 16:27:30] [INFO] ✓ Матрица сходства: (49, 49)
[2026-05-16 16:27:30] [INFO] Обучение SVD модели (это может занять время)...
[2026-05-16 16:27:30] [INFO] ✓ SVD модель обучена успешно
[2026-05-16 16:27:30] [INFO] Оценка качества модели...
[2026-05-16 16:27:30] [INFO] ✓ Precision@5: 0.250
[2026-05-16 16:27:30] [INFO] ✓ Recall@5: 1.000
[2026-05-16 16:27:30] [INFO] ✓ Coverage@5: 0.184
[2026-05-16 16:27:30] [INFO] Создание резервной копии старой модели...
[2026-05-16 16:27:30] [INFO] Создана резервная копия модели: D:\Git\AG-Diploma\VAG-Java\CODE_VAG\ML-Recommendation\model_cache\backups\recommendation_model_20260516_162730.pkl
[2026-05-16 16:27:30] [INFO] Сохранение обученной модели...
[2026-05-16 16:27:30] [INFO] ✓ Модель сохранена: D:\Git\AG-Diploma\VAG-Java\CODE_VAG\ML-Recommendation\model_cache\recommendation_model.pkl
[2026-05-16 16:27:30] [INFO] Метаданные модели сохранены: D:\Git\AG-Diploma\VAG-Java\CODE_VAG\ML-Recommendation\model_cache\model_metadata.json
[2026-05-16 16:27:30] [INFO] ======================================================================
[2026-05-16 16:27:30] [INFO] ✓ ОБУЧЕНИЕ ЗАВЕРШЕНО УСПЕШНО за 0.1 сек
[2026-05-16 16:27:30] [INFO] ======================================================================
[2026-05-18 12:08:16] [INFO] Флаг --force активирован. Переобучение модели.
[2026-05-18 12:08:16] [INFO] ======================================================================
[2026-05-18 12:08:16] [INFO] Начало обучения модели рекомендаций
[2026-05-18 12:08:16] [INFO] ======================================================================
[2026-05-18 12:08:16] [INFO] Подключение к базе данных...
[2026-05-18 12:08:16] [INFO] ✓ Подключение к БД успешно
[2026-05-18 12:08:16] [INFO] Загрузка данных из БД...
[2026-05-18 12:08:16] [INFO] ✓ Загружено работ: 49
[2026-05-18 12:08:16] [INFO] ✓ Загружено лайков: 40
[2026-05-18 12:08:16] [INFO] ✓ Загружено комментариев: 0
[2026-05-18 12:08:16] [INFO] Подготовка матрицы взаимодействий...
[2026-05-18 12:08:16] [INFO] ✓ Всего взаимодействий: 40
[2026-05-18 12:08:16] [INFO] Построение контентных признаков (TF-IDF)...
[2026-05-18 12:08:16] [INFO] ✓ Матрица сходства: (49, 49)
[2026-05-18 12:08:16] [INFO] Обучение SVD модели (это может занять время)...
[2026-05-18 12:08:16] [INFO] ✓ SVD модель обучена успешно
[2026-05-18 12:08:16] [INFO] Оценка качества модели...
[2026-05-18 12:08:16] [INFO] ✓ Precision@5: 0.250
[2026-05-18 12:08:16] [INFO] ✓ Recall@5: 1.000
[2026-05-18 12:08:16] [INFO] ✓ Coverage@5: 0.184
[2026-05-18 12:08:16] [INFO] Создание резервной копии старой модели...
[2026-05-18 12:08:16] [INFO] Создана резервная копия модели: D:\Git\AG-Diploma\VAG-Java\CODE_VAG\ML-Recommendation\model_cache\backups\recommendation_model_20260518_120816.pkl
[2026-05-18 12:08:16] [INFO] Сохранение обученной модели...
[2026-05-18 12:08:16] [INFO] ✓ Модель сохранена: D:\Git\AG-Diploma\VAG-Java\CODE_VAG\ML-Recommendation\model_cache\recommendation_model.pkl
[2026-05-18 12:08:16] [INFO] Метаданные модели сохранены: D:\Git\AG-Diploma\VAG-Java\CODE_VAG\ML-Recommendation\model_cache\model_metadata.json
[2026-05-18 12:08:16] [INFO] ======================================================================
[2026-05-18 12:08:16] [INFO] ✓ ОБУЧЕНИЕ ЗАВЕРШЕНО УСПЕШНО за 0.4 сек
[2026-05-18 12:08:16] [INFO] ======================================================================
[2026-05-18 12:08:18] [INFO] Флаг --force активирован. Переобучение модели.
[2026-05-18 12:08:18] [INFO] ======================================================================
[2026-05-18 12:08:18] [INFO] Начало обучения модели рекомендаций
[2026-05-18 12:08:18] [INFO] ======================================================================
[2026-05-18 12:08:18] [INFO] Подключение к базе данных...
[2026-05-18 12:08:18] [INFO] ✓ Подключение к БД успешно
[2026-05-18 12:08:18] [INFO] Загрузка данных из БД...
[2026-05-18 12:08:18] [INFO] ✓ Загружено работ: 49
[2026-05-18 12:08:18] [INFO] ✓ Загружено лайков: 40
[2026-05-18 12:08:18] [INFO] ✓ Загружено комментариев: 0
[2026-05-18 12:08:18] [INFO] Подготовка матрицы взаимодействий...
[2026-05-18 12:08:18] [INFO] ✓ Всего взаимодействий: 40
[2026-05-18 12:08:18] [INFO] Построение контентных признаков (TF-IDF)...
[2026-05-18 12:08:18] [INFO] ✓ Матрица сходства: (49, 49)
[2026-05-18 12:08:18] [INFO] Обучение SVD модели (это может занять время)...
[2026-05-18 12:08:18] [INFO] ✓ SVD модель обучена успешно
[2026-05-18 12:08:18] [INFO] Оценка качества модели...
[2026-05-18 12:08:18] [INFO] ✓ Precision@5: 0.250
[2026-05-18 12:08:18] [INFO] ✓ Recall@5: 1.000
[2026-05-18 12:08:18] [INFO] ✓ Coverage@5: 0.184
[2026-05-18 12:08:18] [INFO] Создание резервной копии старой модели...
[2026-05-18 12:08:18] [INFO] Создана резервная копия модели: D:\Git\AG-Diploma\VAG-Java\CODE_VAG\ML-Recommendation\model_cache\backups\recommendation_model_20260518_120818.pkl
[2026-05-18 12:08:18] [INFO] Сохранение обученной модели...
[2026-05-18 12:08:18] [INFO] ✓ Модель сохранена: D:\Git\AG-Diploma\VAG-Java\CODE_VAG\ML-Recommendation\model_cache\recommendation_model.pkl
[2026-05-18 12:08:18] [INFO] Метаданные модели сохранены: D:\Git\AG-Diploma\VAG-Java\CODE_VAG\ML-Recommendation\model_cache\model_metadata.json
[2026-05-18 12:08:18] [INFO] ======================================================================
[2026-05-18 12:08:18] [INFO] ✓ ОБУЧЕНИЕ ЗАВЕРШЕНО УСПЕШНО за 0.1 сек
[2026-05-18 12:08:18] [INFO] ======================================================================
[2026-05-19 15:32:21] [INFO] Флаг --force активирован. Переобучение модели.
[2026-05-19 15:32:21] [INFO] ======================================================================
[2026-05-19 15:32:21] [INFO] Начало обучения модели рекомендаций
[2026-05-19 15:32:21] [INFO] ======================================================================
[2026-05-19 15:32:21] [INFO] Подключение к базе данных...
[2026-05-19 15:32:21] [INFO] ✓ Подключение к БД успешно
[2026-05-19 15:32:21] [INFO] Загрузка данных из БД...
[2026-05-19 15:32:22] [INFO] ✓ Загружено работ: 50
[2026-05-19 15:32:22] [INFO] ✓ Загружено лайков: 40
[2026-05-19 15:32:22] [INFO] ✓ Загружено комментариев: 0
[2026-05-19 15:32:22] [INFO] Подготовка матрицы взаимодействий...
[2026-05-19 15:32:22] [INFO] ✓ Всего взаимодействий: 40
[2026-05-19 15:32:22] [INFO] Построение контентных признаков (TF-IDF)...
[2026-05-19 15:32:22] [INFO] ✓ Матрица сходства: (50, 50)
[2026-05-19 15:32:22] [INFO] Обучение SVD модели (это может занять время)...
[2026-05-19 15:32:22] [INFO] ✓ SVD модель обучена успешно
[2026-05-19 15:32:22] [INFO] Оценка качества модели...
[2026-05-19 15:32:22] [INFO] ✓ Precision@5: 0.250
[2026-05-19 15:32:22] [INFO] ✓ Recall@5: 1.000
[2026-05-19 15:32:22] [INFO] ✓ Coverage@5: 0.180
[2026-05-19 15:32:22] [INFO] Создание резервной копии старой модели...
[2026-05-19 15:32:22] [INFO] Создана резервная копия модели: D:\Git\AG-Diploma\VAG-Java\CODE_VAG\ML-Recommendation\model_cache\backups\recommendation_model_20260519_153222.pkl
[2026-05-19 15:32:22] [INFO] Сохранение обученной модели...
[2026-05-19 15:32:22] [INFO] ✓ Модель сохранена: D:\Git\AG-Diploma\VAG-Java\CODE_VAG\ML-Recommendation\model_cache\recommendation_model.pkl
[2026-05-19 15:32:22] [INFO] Метаданные модели сохранены: D:\Git\AG-Diploma\VAG-Java\CODE_VAG\ML-Recommendation\model_cache\model_metadata.json
[2026-05-19 15:32:22] [INFO] ======================================================================
[2026-05-19 15:32:22] [INFO] ✓ ОБУЧЕНИЕ ЗАВЕРШЕНО УСПЕШНО за 0.5 сек
[2026-05-19 15:32:22] [INFO] ======================================================================
[2026-05-19 15:32:42] [INFO] Флаг --force активирован. Переобучение модели.
[2026-05-19 15:32:42] [INFO] ======================================================================
[2026-05-19 15:32:42] [INFO] Начало обучения модели рекомендаций
[2026-05-19 15:32:42] [INFO] ======================================================================
[2026-05-19 15:32:42] [INFO] Подключение к базе данных...
[2026-05-19 15:32:42] [INFO] ✓ Подключение к БД успешно
[2026-05-19 15:32:42] [INFO] Загрузка данных из БД...
[2026-05-19 15:32:42] [INFO] ✓ Загружено работ: 50
[2026-05-19 15:32:42] [INFO] ✓ Загружено лайков: 40
[2026-05-19 15:32:42] [INFO] ✓ Загружено комментариев: 0
[2026-05-19 15:32:42] [INFO] Подготовка матрицы взаимодействий...
[2026-05-19 15:32:42] [INFO] ✓ Всего взаимодействий: 40
[2026-05-19 15:32:42] [INFO] Построение контентных признаков (TF-IDF)...
[2026-05-19 15:32:42] [INFO] ✓ Матрица сходства: (50, 50)
[2026-05-19 15:32:42] [INFO] Обучение SVD модели (это может занять время)...
[2026-05-19 15:32:42] [INFO] ✓ SVD модель обучена успешно
[2026-05-19 15:32:42] [INFO] Оценка качества модели...
[2026-05-19 15:32:42] [INFO] ✓ Precision@5: 0.250
[2026-05-19 15:32:42] [INFO] ✓ Recall@5: 1.000
[2026-05-19 15:32:42] [INFO] ✓ Coverage@5: 0.180
[2026-05-19 15:32:42] [INFO] Создание резервной копии старой модели...
[2026-05-19 15:32:42] [INFO] Создана резервная копия модели: D:\Git\AG-Diploma\VAG-Java\CODE_VAG\ML-Recommendation\model_cache\backups\recommendation_model_20260519_153242.pkl
[2026-05-19 15:32:42] [INFO] Сохранение обученной модели...
[2026-05-19 15:32:42] [INFO] ✓ Модель сохранена: D:\Git\AG-Diploma\VAG-Java\CODE_VAG\ML-Recommendation\model_cache\recommendation_model.pkl
[2026-05-19 15:32:42] [INFO] Метаданные модели сохранены: D:\Git\AG-Diploma\VAG-Java\CODE_VAG\ML-Recommendation\model_cache\model_metadata.json
[2026-05-19 15:32:42] [INFO] ======================================================================
[2026-05-19 15:32:42] [INFO] ✓ ОБУЧЕНИЕ ЗАВЕРШЕНО УСПЕШНО за 0.1 сек
[2026-05-19 15:32:42] [INFO] ======================================================================
[2026-05-19 15:32:45] [INFO] Флаг --force активирован. Переобучение модели.
[2026-05-19 15:32:45] [INFO] ======================================================================
[2026-05-19 15:32:45] [INFO] Начало обучения модели рекомендаций
[2026-05-19 15:32:45] [INFO] ======================================================================
[2026-05-19 15:32:45] [INFO] Подключение к базе данных...
[2026-05-19 15:32:45] [INFO] ✓ Подключение к БД успешно
[2026-05-19 15:32:45] [INFO] Загрузка данных из БД...
[2026-05-19 15:32:45] [INFO] ✓ Загружено работ: 50
[2026-05-19 15:32:45] [INFO] ✓ Загружено лайков: 40
[2026-05-19 15:32:45] [INFO] ✓ Загружено комментариев: 0
[2026-05-19 15:32:45] [INFO] Подготовка матрицы взаимодействий...
[2026-05-19 15:32:45] [INFO] ✓ Всего взаимодействий: 40
[2026-05-19 15:32:45] [INFO] Построение контентных признаков (TF-IDF)...
[2026-05-19 15:32:45] [INFO] ✓ Матрица сходства: (50, 50)
[2026-05-19 15:32:45] [INFO] Обучение SVD модели (это может занять время)...
[2026-05-19 15:32:45] [INFO] ✓ SVD модель обучена успешно
[2026-05-19 15:32:45] [INFO] Оценка качества модели...
[2026-05-19 15:32:45] [INFO] ✓ Precision@5: 0.250
[2026-05-19 15:32:45] [INFO] ✓ Recall@5: 1.000
[2026-05-19 15:32:45] [INFO] ✓ Coverage@5: 0.180
[2026-05-19 15:32:45] [INFO] Создание резервной копии старой модели...
[2026-05-19 15:32:45] [INFO] Создана резервная копия модели: D:\Git\AG-Diploma\VAG-Java\CODE_VAG\ML-Recommendation\model_cache\backups\recommendation_model_20260519_153245.pkl
[2026-05-19 15:32:45] [INFO] Сохранение обученной модели...
[2026-05-19 15:32:45] [INFO] ✓ Модель сохранена: D:\Git\AG-Diploma\VAG-Java\CODE_VAG\ML-Recommendation\model_cache\recommendation_model.pkl
[2026-05-19 15:32:45] [INFO] Метаданные модели сохранены: D:\Git\AG-Diploma\VAG-Java\CODE_VAG\ML-Recommendation\model_cache\model_metadata.json
[2026-05-19 15:32:45] [INFO] ======================================================================
[2026-05-19 15:32:45] [INFO] ✓ ОБУЧЕНИЕ ЗАВЕРШЕНО УСПЕШНО за 0.1 сек
[2026-05-19 15:32:45] [INFO] ======================================================================
[2026-05-19 15:32:47] [INFO] Флаг --force активирован. Переобучение модели.
[2026-05-19 15:32:47] [INFO] ======================================================================
[2026-05-19 15:32:47] [INFO] Начало обучения модели рекомендаций
[2026-05-19 15:32:47] [INFO] ======================================================================
[2026-05-19 15:32:47] [INFO] Подключение к базе данных...
[2026-05-19 15:32:47] [INFO] ✓ Подключение к БД успешно
[2026-05-19 15:32:47] [INFO] Загрузка данных из БД...
[2026-05-19 15:32:47] [INFO] ✓ Загружено работ: 49
[2026-05-19 15:32:47] [INFO] ✓ Загружено лайков: 40
[2026-05-19 15:32:47] [INFO] ✓ Загружено комментариев: 0
[2026-05-19 15:32:47] [INFO] Подготовка матрицы взаимодействий...
[2026-05-19 15:32:47] [INFO] ✓ Всего взаимодействий: 40
[2026-05-19 15:32:47] [INFO] Построение контентных признаков (TF-IDF)...
[2026-05-19 15:32:47] [INFO] ✓ Матрица сходства: (49, 49)
[2026-05-19 15:32:47] [INFO] Обучение SVD модели (это может занять время)...
[2026-05-19 15:32:47] [INFO] ✓ SVD модель обучена успешно
[2026-05-19 15:32:47] [INFO] Оценка качества модели...
[2026-05-19 15:32:47] [INFO] ✓ Precision@5: 0.250
[2026-05-19 15:32:47] [INFO] ✓ Recall@5: 1.000
[2026-05-19 15:32:47] [INFO] ✓ Coverage@5: 0.184
[2026-05-19 15:32:47] [INFO] Создание резервной копии старой модели...
[2026-05-19 15:32:47] [INFO] Создана резервная копия модели: D:\Git\AG-Diploma\VAG-Java\CODE_VAG\ML-Recommendation\model_cache\backups\recommendation_model_20260519_153247.pkl
[2026-05-19 15:32:47] [INFO] Сохранение обученной модели...
[2026-05-19 15:32:47] [INFO] ✓ Модель сохранена: D:\Git\AG-Diploma\VAG-Java\CODE_VAG\ML-Recommendation\model_cache\recommendation_model.pkl
[2026-05-19 15:32:47] [INFO] Метаданные модели сохранены: D:\Git\AG-Diploma\VAG-Java\CODE_VAG\ML-Recommendation\model_cache\model_metadata.json
[2026-05-19 15:32:47] [INFO] ======================================================================
[2026-05-19 15:32:47] [INFO] ✓ ОБУЧЕНИЕ ЗАВЕРШЕНО УСПЕШНО за 0.1 сек
[2026-05-19 15:32:47] [INFO] ======================================================================
[2026-05-19 17:56:13] [INFO] Флаг --force активирован. Переобучение модели.
[2026-05-19 17:56:13] [INFO] ======================================================================
[2026-05-19 17:56:13] [INFO] Начало обучения модели рекомендаций
[2026-05-19 17:56:13] [INFO] ======================================================================
[2026-05-19 17:56:13] [INFO] Подключение к базе данных...
[2026-05-19 17:56:13] [INFO] ✓ Подключение к БД успешно
[2026-05-19 17:56:13] [INFO] Загрузка данных из БД...
[2026-05-19 17:56:13] [INFO] ✓ Загружено работ: 50
[2026-05-19 17:56:13] [INFO] ✓ Загружено лайков: 41
[2026-05-19 17:56:13] [INFO] ✓ Загружено комментариев: 0
[2026-05-19 17:56:13] [INFO] Подготовка матрицы взаимодействий...
[2026-05-19 17:56:13] [INFO] ✓ Всего взаимодействий: 41
[2026-05-19 17:56:13] [INFO] Построение контентных признаков (TF-IDF)...
[2026-05-19 17:56:13] [INFO] ✓ Матрица сходства: (50, 50)
[2026-05-19 17:56:13] [INFO] Обучение SVD модели (это может занять время)...
[2026-05-19 17:56:13] [INFO] ✓ SVD модель обучена успешно
[2026-05-19 17:56:13] [INFO] Оценка качества модели...
[2026-05-19 17:56:13] [INFO] ✓ Precision@5: 0.367
[2026-05-19 17:56:13] [INFO] ✓ Recall@5: 1.000
[2026-05-19 17:56:13] [INFO] ✓ Coverage@5: 0.200
[2026-05-19 17:56:13] [INFO] Создание резервной копии старой модели...
[2026-05-19 17:56:13] [INFO] Создана резервная копия модели: D:\Git\AG-Diploma\VAG-Java\CODE_VAG\ML-Recommendation\model_cache\backups\recommendation_model_20260519_175613.pkl
[2026-05-19 17:56:13] [INFO] Сохранение обученной модели...
[2026-05-19 17:56:13] [INFO] ✓ Модель сохранена: D:\Git\AG-Diploma\VAG-Java\CODE_VAG\ML-Recommendation\model_cache\recommendation_model.pkl
[2026-05-19 17:56:13] [INFO] Метаданные модели сохранены: D:\Git\AG-Diploma\VAG-Java\CODE_VAG\ML-Recommendation\model_cache\model_metadata.json
[2026-05-19 17:56:13] [INFO] ======================================================================
[2026-05-19 17:56:13] [INFO] ✓ ОБУЧЕНИЕ ЗАВЕРШЕНО УСПЕШНО за 0.1 сек
[2026-05-19 17:56:13] [INFO] ======================================================================
[2026-05-19 17:56:21] [INFO] Флаг --force активирован. Переобучение модели.
[2026-05-19 17:56:21] [INFO] ======================================================================
[2026-05-19 17:56:21] [INFO] Начало обучения модели рекомендаций
[2026-05-19 17:56:21] [INFO] ======================================================================
[2026-05-19 17:56:21] [INFO] Подключение к базе данных...
[2026-05-19 17:56:21] [INFO] ✓ Подключение к БД успешно
[2026-05-19 17:56:21] [INFO] Загрузка данных из БД...
[2026-05-19 17:56:21] [INFO] ✓ Загружено работ: 50
[2026-05-19 17:56:21] [INFO] ✓ Загружено лайков: 41
[2026-05-19 17:56:21] [INFO] ✓ Загружено комментариев: 1
[2026-05-19 17:56:21] [INFO] Подготовка матрицы взаимодействий...
[2026-05-19 17:56:21] [INFO] ✓ Всего взаимодействий: 41
[2026-05-19 17:56:21] [INFO] Построение контентных признаков (TF-IDF)...
[2026-05-19 17:56:21] [INFO] ✓ Матрица сходства: (50, 50)
[2026-05-19 17:56:21] [INFO] Обучение SVD модели (это может занять время)...
[2026-05-19 17:56:21] [INFO] ✓ SVD модель обучена успешно
[2026-05-19 17:56:21] [INFO] Оценка качества модели...
[2026-05-19 17:56:21] [INFO] ✓ Precision@5: 0.367
[2026-05-19 17:56:21] [INFO] ✓ Recall@5: 1.000
[2026-05-19 17:56:21] [INFO] ✓ Coverage@5: 0.200
[2026-05-19 17:56:21] [INFO] Создание резервной копии старой модели...
[2026-05-19 17:56:21] [INFO] Создана резервная копия модели: D:\Git\AG-Diploma\VAG-Java\CODE_VAG\ML-Recommendation\model_cache\backups\recommendation_model_20260519_175621.pkl
[2026-05-19 17:56:21] [INFO] Сохранение обученной модели...
[2026-05-19 17:56:21] [INFO] ✓ Модель сохранена: D:\Git\AG-Diploma\VAG-Java\CODE_VAG\ML-Recommendation\model_cache\recommendation_model.pkl
[2026-05-19 17:56:21] [INFO] Метаданные модели сохранены: D:\Git\AG-Diploma\VAG-Java\CODE_VAG\ML-Recommendation\model_cache\model_metadata.json
[2026-05-19 17:56:21] [INFO] ======================================================================
[2026-05-19 17:56:21] [INFO] ✓ ОБУЧЕНИЕ ЗАВЕРШЕНО УСПЕШНО за 0.2 сек
[2026-05-19 17:56:21] [INFO] ======================================================================
[2026-05-19 17:56:39] [INFO] Флаг --force активирован. Переобучение модели.
[2026-05-19 17:56:39] [INFO] ======================================================================
[2026-05-19 17:56:39] [INFO] Начало обучения модели рекомендаций
[2026-05-19 17:56:39] [INFO] ======================================================================
[2026-05-19 17:56:39] [INFO] Подключение к базе данных...
[2026-05-19 17:56:39] [INFO] ✓ Подключение к БД успешно
[2026-05-19 17:56:39] [INFO] Загрузка данных из БД...
[2026-05-19 17:56:39] [INFO] ✓ Загружено работ: 50
[2026-05-19 17:56:39] [INFO] ✓ Загружено лайков: 40
[2026-05-19 17:56:39] [INFO] ✓ Загружено комментариев: 1
[2026-05-19 17:56:39] [INFO] Подготовка матрицы взаимодействий...
[2026-05-19 17:56:39] [INFO] ✓ Всего взаимодействий: 41
[2026-05-19 17:56:39] [INFO] Построение контентных признаков (TF-IDF)...
[2026-05-19 17:56:39] [INFO] ✓ Матрица сходства: (50, 50)
[2026-05-19 17:56:39] [INFO] Обучение SVD модели (это может занять время)...
[2026-05-19 17:56:39] [INFO] ✓ SVD модель обучена успешно
[2026-05-19 17:56:39] [INFO] Оценка качества модели...
[2026-05-19 17:56:39] [INFO] ✓ Precision@5: 0.333
[2026-05-19 17:56:39] [INFO] ✓ Recall@5: 1.000
[2026-05-19 17:56:39] [INFO] ✓ Coverage@5: 0.200
[2026-05-19 17:56:39] [INFO] Создание резервной копии старой модели...
[2026-05-19 17:56:40] [INFO] Создана резервная копия модели: D:\Git\AG-Diploma\VAG-Java\CODE_VAG\ML-Recommendation\model_cache\backups\recommendation_model_20260519_175639.pkl
[2026-05-19 17:56:40] [INFO] Сохранение обученной модели...
[2026-05-19 17:56:40] [INFO] ✓ Модель сохранена: D:\Git\AG-Diploma\VAG-Java\CODE_VAG\ML-Recommendation\model_cache\recommendation_model.pkl
[2026-05-19 17:56:40] [INFO] Метаданные модели сохранены: D:\Git\AG-Diploma\VAG-Java\CODE_VAG\ML-Recommendation\model_cache\model_metadata.json
[2026-05-19 17:56:40] [INFO] ======================================================================
[2026-05-19 17:56:40] [INFO] ✓ ОБУЧЕНИЕ ЗАВЕРШЕНО УСПЕШНО за 0.1 сек
[2026-05-19 17:56:40] [INFO] ======================================================================
[2026-05-19 17:58:16] [INFO] Флаг --force активирован. Переобучение модели.
[2026-05-19 17:58:16] [INFO] ======================================================================
[2026-05-19 17:58:16] [INFO] Начало обучения модели рекомендаций
[2026-05-19 17:58:16] [INFO] ======================================================================
[2026-05-19 17:58:16] [INFO] Подключение к базе данных...
[2026-05-19 17:58:16] [INFO] ✓ Подключение к БД успешно
[2026-05-19 17:58:16] [INFO] Загрузка данных из БД...
[2026-05-19 17:58:16] [INFO] ✓ Загружено работ: 49
[2026-05-19 17:58:16] [INFO] ✓ Загружено лайков: 40
[2026-05-19 17:58:16] [INFO] ✓ Загружено комментариев: 0
[2026-05-19 17:58:16] [INFO] Подготовка матрицы взаимодействий...
[2026-05-19 17:58:16] [INFO] ✓ Всего взаимодействий: 40
[2026-05-19 17:58:16] [INFO] Построение контентных признаков (TF-IDF)...
[2026-05-19 17:58:16] [INFO] ✓ Матрица сходства: (49, 49)
[2026-05-19 17:58:16] [INFO] Обучение SVD модели (это может занять время)...
[2026-05-19 17:58:16] [INFO] ✓ SVD модель обучена успешно
[2026-05-19 17:58:16] [INFO] Оценка качества модели...
[2026-05-19 17:58:16] [INFO] ✓ Precision@5: 0.250
[2026-05-19 17:58:16] [INFO] ✓ Recall@5: 1.000
[2026-05-19 17:58:16] [INFO] ✓ Coverage@5: 0.184
[2026-05-19 17:58:16] [INFO] Создание резервной копии старой модели...
[2026-05-19 17:58:16] [INFO] Создана резервная копия модели: D:\Git\AG-Diploma\VAG-Java\CODE_VAG\ML-Recommendation\model_cache\backups\recommendation_model_20260519_175816.pkl
[2026-05-19 17:58:16] [INFO] Сохранение обученной модели...
[2026-05-19 17:58:16] [INFO] ✓ Модель сохранена: D:\Git\AG-Diploma\VAG-Java\CODE_VAG\ML-Recommendation\model_cache\recommendation_model.pkl
[2026-05-19 17:58:16] [INFO] Метаданные модели сохранены: D:\Git\AG-Diploma\VAG-Java\CODE_VAG\ML-Recommendation\model_cache\model_metadata.json
[2026-05-19 17:58:16] [INFO] ======================================================================
[2026-05-19 17:58:16] [INFO] ✓ ОБУЧЕНИЕ ЗАВЕРШЕНО УСПЕШНО за 0.1 сек
[2026-05-19 17:58:16] [INFO] ======================================================================
[2026-05-19 17:59:20] [INFO] Флаг --force активирован. Переобучение модели.
[2026-05-19 17:59:20] [INFO] ======================================================================
[2026-05-19 17:59:20] [INFO] Начало обучения модели рекомендаций
[2026-05-19 17:59:20] [INFO] ======================================================================
[2026-05-19 17:59:20] [INFO] Подключение к базе данных...
[2026-05-19 17:59:20] [INFO] ✓ Подключение к БД успешно
[2026-05-19 17:59:20] [INFO] Загрузка данных из БД...
[2026-05-19 17:59:20] [INFO] ✓ Загружено работ: 50
[2026-05-19 17:59:20] [INFO] ✓ Загружено лайков: 41
[2026-05-19 17:59:20] [INFO] ✓ Загружено комментариев: 0
[2026-05-19 17:59:20] [INFO] Подготовка матрицы взаимодействий...
[2026-05-19 17:59:20] [INFO] ✓ Всего взаимодействий: 41
[2026-05-19 17:59:20] [INFO] Построение контентных признаков (TF-IDF)...
[2026-05-19 17:59:20] [INFO] ✓ Матрица сходства: (50, 50)
[2026-05-19 17:59:20] [INFO] Обучение SVD модели (это может занять время)...
[2026-05-19 17:59:20] [INFO] ✓ SVD модель обучена успешно
[2026-05-19 17:59:20] [INFO] Оценка качества модели...
[2026-05-19 17:59:20] [INFO] ✓ Precision@5: 0.367
[2026-05-19 17:59:20] [INFO] ✓ Recall@5: 1.000
[2026-05-19 17:59:20] [INFO] ✓ Coverage@5: 0.200
[2026-05-19 17:59:20] [INFO] Создание резервной копии старой модели...
[2026-05-19 17:59:20] [INFO] Создана резервная копия модели: D:\Git\AG-Diploma\VAG-Java\CODE_VAG\ML-Recommendation\model_cache\backups\recommendation_model_20260519_175920.pkl
[2026-05-19 17:59:20] [INFO] Сохранение обученной модели...
[2026-05-19 17:59:20] [INFO] ✓ Модель сохранена: D:\Git\AG-Diploma\VAG-Java\CODE_VAG\ML-Recommendation\model_cache\recommendation_model.pkl
[2026-05-19 17:59:20] [INFO] Метаданные модели сохранены: D:\Git\AG-Diploma\VAG-Java\CODE_VAG\ML-Recommendation\model_cache\model_metadata.json
[2026-05-19 17:59:20] [INFO] ======================================================================
[2026-05-19 17:59:20] [INFO] ✓ ОБУЧЕНИЕ ЗАВЕРШЕНО УСПЕШНО за 0.1 сек
[2026-05-19 17:59:20] [INFO] ======================================================================
[2026-05-19 17:59:28] [INFO] Флаг --force активирован. Переобучение модели.
[2026-05-19 17:59:28] [INFO] ======================================================================
[2026-05-19 17:59:28] [INFO] Начало обучения модели рекомендаций
[2026-05-19 17:59:28] [INFO] ======================================================================
[2026-05-19 17:59:28] [INFO] Подключение к базе данных...
[2026-05-19 17:59:28] [INFO] ✓ Подключение к БД успешно
[2026-05-19 17:59:28] [INFO] Загрузка данных из БД...
[2026-05-19 17:59:28] [INFO] ✓ Загружено работ: 50
[2026-05-19 17:59:28] [INFO] ✓ Загружено лайков: 41
[2026-05-19 17:59:28] [INFO] ✓ Загружено комментариев: 1
[2026-05-19 17:59:28] [INFO] Подготовка матрицы взаимодействий...
[2026-05-19 17:59:28] [INFO] ✓ Всего взаимодействий: 41
[2026-05-19 17:59:28] [INFO] Построение контентных признаков (TF-IDF)...
[2026-05-19 17:59:28] [INFO] ✓ Матрица сходства: (50, 50)
[2026-05-19 17:59:28] [INFO] Обучение SVD модели (это может занять время)...
[2026-05-19 17:59:28] [INFO] ✓ SVD модель обучена успешно
[2026-05-19 17:59:28] [INFO] Оценка качества модели...
[2026-05-19 17:59:28] [INFO] ✓ Precision@5: 0.367
[2026-05-19 17:59:28] [INFO] ✓ Recall@5: 1.000
[2026-05-19 17:59:28] [INFO] ✓ Coverage@5: 0.200
[2026-05-19 17:59:28] [INFO] Создание резервной копии старой модели...
[2026-05-19 17:59:28] [INFO] Создана резервная копия модели: D:\Git\AG-Diploma\VAG-Java\CODE_VAG\ML-Recommendation\model_cache\backups\recommendation_model_20260519_175928.pkl
[2026-05-19 17:59:28] [INFO] Сохранение обученной модели...
[2026-05-19 17:59:28] [INFO] ✓ Модель сохранена: D:\Git\AG-Diploma\VAG-Java\CODE_VAG\ML-Recommendation\model_cache\recommendation_model.pkl
[2026-05-19 17:59:28] [INFO] Метаданные модели сохранены: D:\Git\AG-Diploma\VAG-Java\CODE_VAG\ML-Recommendation\model_cache\model_metadata.json
[2026-05-19 17:59:28] [INFO] ======================================================================
[2026-05-19 17:59:28] [INFO] ✓ ОБУЧЕНИЕ ЗАВЕРШЕНО УСПЕШНО за 0.1 сек
[2026-05-19 17:59:28] [INFO] ======================================================================
[2026-05-19 18:01:46] [INFO] Флаг --force активирован. Переобучение модели.
[2026-05-19 18:01:46] [INFO] ======================================================================
[2026-05-19 18:01:46] [INFO] Начало обучения модели рекомендаций
[2026-05-19 18:01:46] [INFO] ======================================================================
[2026-05-19 18:01:46] [INFO] Подключение к базе данных...
[2026-05-19 18:01:46] [INFO] ✓ Подключение к БД успешно
[2026-05-19 18:01:46] [INFO] Загрузка данных из БД...
[2026-05-19 18:01:46] [INFO] ✓ Загружено работ: 51
[2026-05-19 18:01:46] [INFO] ✓ Загружено лайков: 41
[2026-05-19 18:01:46] [INFO] ✓ Загружено комментариев: 1
[2026-05-19 18:01:46] [INFO] Подготовка матрицы взаимодействий...
[2026-05-19 18:01:46] [INFO] ✓ Всего взаимодействий: 41
[2026-05-19 18:01:46] [INFO] Построение контентных признаков (TF-IDF)...
[2026-05-19 18:01:46] [INFO] ✓ Матрица сходства: (51, 51)
[2026-05-19 18:01:46] [INFO] Обучение SVD модели (это может занять время)...
[2026-05-19 18:01:46] [INFO] ✓ SVD модель обучена успешно
[2026-05-19 18:01:46] [INFO] Оценка качества модели...
[2026-05-19 18:01:46] [INFO] ✓ Precision@5: 0.367
[2026-05-19 18:01:46] [INFO] ✓ Recall@5: 1.000
[2026-05-19 18:01:46] [INFO] ✓ Coverage@5: 0.196
[2026-05-19 18:01:46] [INFO] Создание резервной копии старой модели...
[2026-05-19 18:01:46] [INFO] Создана резервная копия модели: D:\Git\AG-Diploma\VAG-Java\CODE_VAG\ML-Recommendation\model_cache\backups\recommendation_model_20260519_180146.pkl
[2026-05-19 18:01:46] [INFO] Сохранение обученной модели...
[2026-05-19 18:01:46] [INFO] ✓ Модель сохранена: D:\Git\AG-Diploma\VAG-Java\CODE_VAG\ML-Recommendation\model_cache\recommendation_model.pkl
[2026-05-19 18:01:46] [INFO] Метаданные модели сохранены: D:\Git\AG-Diploma\VAG-Java\CODE_VAG\ML-Recommendation\model_cache\model_metadata.json
[2026-05-19 18:01:46] [INFO] ======================================================================
[2026-05-19 18:01:46] [INFO] ✓ ОБУЧЕНИЕ ЗАВЕРШЕНО УСПЕШНО за 0.1 сек
[2026-05-19 18:01:46] [INFO] ======================================================================
[2026-05-20 17:52:47] [INFO] Флаг --force активирован. Переобучение модели.
[2026-05-20 17:52:47] [INFO] ======================================================================
[2026-05-20 17:52:47] [INFO] Начало обучения модели рекомендаций
[2026-05-20 17:52:47] [INFO] ======================================================================
[2026-05-20 17:52:47] [INFO] Подключение к базе данных...
[2026-05-20 17:52:47] [INFO] ✓ Подключение к БД успешно
[2026-05-20 17:52:47] [INFO] Загрузка данных из БД...
[2026-05-20 17:52:47] [INFO] ✓ Загружено работ: 51
[2026-05-20 17:52:47] [INFO] ✓ Загружено лайков: 41
[2026-05-20 17:52:47] [INFO] ✓ Загружено комментариев: 2
[2026-05-20 17:52:47] [INFO] Подготовка матрицы взаимодействий...
[2026-05-20 17:52:47] [INFO] ✓ Всего взаимодействий: 41
[2026-05-20 17:52:47] [INFO] Построение контентных признаков (TF-IDF)...
[2026-05-20 17:52:47] [INFO] ✓ Матрица сходства: (51, 51)
[2026-05-20 17:52:47] [INFO] Обучение SVD модели (это может занять время)...
[2026-05-20 17:52:47] [INFO] ✓ SVD модель обучена успешно
[2026-05-20 17:52:47] [INFO] Оценка качества модели...
[2026-05-20 17:52:47] [INFO] ✓ Precision@5: 0.367
[2026-05-20 17:52:47] [INFO] ✓ Recall@5: 1.000
[2026-05-20 17:52:47] [INFO] ✓ Coverage@5: 0.196
[2026-05-20 17:52:47] [INFO] Создание резервной копии старой модели...
[2026-05-20 17:52:47] [INFO] Создана резервная копия модели: D:\Git\AG-Diploma\VAG-Java\CODE_VAG\ML-Recommendation\model_cache\backups\recommendation_model_20260520_175247.pkl
[2026-05-20 17:52:47] [INFO] Сохранение обученной модели...
[2026-05-20 17:52:47] [INFO] ✓ Модель сохранена: D:\Git\AG-Diploma\VAG-Java\CODE_VAG\ML-Recommendation\model_cache\recommendation_model.pkl
[2026-05-20 17:52:47] [INFO] Метаданные модели сохранены: D:\Git\AG-Diploma\VAG-Java\CODE_VAG\ML-Recommendation\model_cache\model_metadata.json
[2026-05-20 17:52:47] [INFO] ======================================================================
[2026-05-20 17:52:47] [INFO] ✓ ОБУЧЕНИЕ ЗАВЕРШЕНО УСПЕШНО за 0.5 сек
[2026-05-20 17:52:47] [INFO] ======================================================================
[2026-05-20 18:20:48] [INFO] Флаг --force активирован. Переобучение модели.
[2026-05-20 18:20:48] [INFO] ======================================================================
[2026-05-20 18:20:48] [INFO] Начало обучения модели рекомендаций
[2026-05-20 18:20:48] [INFO] ======================================================================
[2026-05-20 18:20:48] [INFO] Подключение к базе данных...
[2026-05-20 18:20:48] [INFO] ✓ Подключение к БД успешно
[2026-05-20 18:20:48] [INFO] Загрузка данных из БД...
[2026-05-20 18:20:48] [INFO] ✓ Загружено работ: 51
[2026-05-20 18:20:48] [INFO] ✓ Загружено лайков: 41
[2026-05-20 18:20:48] [INFO] ✓ Загружено комментариев: 2
[2026-05-20 18:20:48] [INFO] Подготовка матрицы взаимодействий...
[2026-05-20 18:20:48] [INFO] ✓ Всего взаимодействий: 41
[2026-05-20 18:20:48] [INFO] Построение контентных признаков (TF-IDF)...
[2026-05-20 18:20:48] [INFO] ✓ Матрица сходства: (51, 51)
[2026-05-20 18:20:48] [INFO] Обучение SVD модели (это может занять время)...
[2026-05-20 18:20:48] [INFO] ✓ SVD модель обучена успешно
[2026-05-20 18:20:48] [INFO] Оценка качества модели...
[2026-05-20 18:20:48] [INFO] ✓ Precision@5: 0.367
[2026-05-20 18:20:48] [INFO] ✓ Recall@5: 1.000
[2026-05-20 18:20:48] [INFO] ✓ Coverage@5: 0.196
[2026-05-20 18:20:48] [INFO] Создание резервной копии старой модели...
[2026-05-20 18:20:48] [INFO] Создана резервная копия модели: D:\Git\AG-Diploma\VAG-Java\CODE_VAG\ML-Recommendation\model_cache\backups\recommendation_model_20260520_182048.pkl
[2026-05-20 18:20:48] [INFO] Сохранение обученной модели...
[2026-05-20 18:20:48] [INFO] ✓ Модель сохранена: D:\Git\AG-Diploma\VAG-Java\CODE_VAG\ML-Recommendation\model_cache\recommendation_model.pkl
[2026-05-20 18:20:48] [INFO] Метаданные модели сохранены: D:\Git\AG-Diploma\VAG-Java\CODE_VAG\ML-Recommendation\model_cache\model_metadata.json
[2026-05-20 18:20:48] [INFO] ======================================================================
[2026-05-20 18:20:48] [INFO] ✓ ОБУЧЕНИЕ ЗАВЕРШЕНО УСПЕШНО за 0.0 сек
[2026-05-20 18:20:48] [INFO] ======================================================================
[2026-05-20 18:28:27] [INFO] Флаг --force активирован. Переобучение модели.
[2026-05-20 18:28:27] [INFO] ======================================================================
[2026-05-20 18:28:27] [INFO] Начало обучения модели рекомендаций
[2026-05-20 18:28:27] [INFO] ======================================================================
[2026-05-20 18:28:27] [INFO] Подключение к базе данных...
[2026-05-20 18:28:27] [INFO] ✓ Подключение к БД успешно
[2026-05-20 18:28:27] [INFO] Загрузка данных из БД...
[2026-05-20 18:28:27] [INFO] ✓ Загружено работ: 51
[2026-05-20 18:28:27] [INFO] ✓ Загружено лайков: 41
[2026-05-20 18:28:27] [INFO] ✓ Загружено комментариев: 2
[2026-05-20 18:28:27] [INFO] Подготовка матрицы взаимодействий...
[2026-05-20 18:28:27] [INFO] ✓ Всего взаимодействий: 41
[2026-05-20 18:28:27] [INFO] Построение контентных признаков (TF-IDF)...
[2026-05-20 18:28:27] [INFO] ✓ Матрица сходства: (51, 51)
[2026-05-20 18:28:27] [INFO] Обучение SVD модели (это может занять время)...
[2026-05-20 18:28:27] [INFO] ✓ SVD модель обучена успешно
[2026-05-20 18:28:27] [INFO] Оценка качества модели...
[2026-05-20 18:28:27] [INFO] ✓ Precision@5: 0.367
[2026-05-20 18:28:27] [INFO] ✓ Recall@5: 1.000
[2026-05-20 18:28:27] [INFO] ✓ Coverage@5: 0.196
[2026-05-20 18:28:27] [INFO] Создание резервной копии старой модели...
[2026-05-20 18:28:27] [INFO] Создана резервная копия модели: D:\Git\AG-Diploma\VAG-Java\CODE_VAG\ML-Recommendation\model_cache\backups\recommendation_model_20260520_182827.pkl
[2026-05-20 18:28:27] [INFO] Сохранение обученной модели...
[2026-05-20 18:28:27] [INFO] ✓ Модель сохранена: D:\Git\AG-Diploma\VAG-Java\CODE_VAG\ML-Recommendation\model_cache\recommendation_model.pkl
[2026-05-20 18:28:27] [INFO] Метаданные модели сохранены: D:\Git\AG-Diploma\VAG-Java\CODE_VAG\ML-Recommendation\model_cache\model_metadata.json
[2026-05-20 18:28:27] [INFO] ======================================================================
[2026-05-20 18:28:27] [INFO] ✓ ОБУЧЕНИЕ ЗАВЕРШЕНО УСПЕШНО за 0.0 сек
[2026-05-20 18:28:27] [INFO] ======================================================================
[2026-05-21 16:01:27] [INFO] Флаг --force активирован. Переобучение модели.
[2026-05-21 16:01:27] [INFO] ======================================================================
[2026-05-21 16:01:27] [INFO] Начало обучения модели рекомендаций
[2026-05-21 16:01:27] [INFO] ======================================================================
[2026-05-21 16:01:27] [INFO] Подключение к базе данных...
[2026-05-21 16:01:27] [INFO] ✓ Подключение к БД успешно
[2026-05-21 16:01:27] [INFO] Загрузка данных из БД...
[2026-05-21 16:01:27] [INFO] ✓ Загружено работ: 52
[2026-05-21 16:01:27] [INFO] ✓ Загружено лайков: 41
[2026-05-21 16:01:27] [INFO] ✓ Загружено комментариев: 3
[2026-05-21 16:01:27] [INFO] Подготовка матрицы взаимодействий...
[2026-05-21 16:01:27] [INFO] ✓ Всего взаимодействий: 41
[2026-05-21 16:01:27] [INFO] Построение контентных признаков (TF-IDF)...
[2026-05-21 16:01:27] [INFO] ✓ Матрица сходства: (52, 52)
[2026-05-21 16:01:27] [INFO] Обучение SVD модели (это может занять время)...
[2026-05-21 16:01:28] [INFO] ✓ SVD модель обучена успешно
[2026-05-21 16:01:28] [INFO] Оценка качества модели...
[2026-05-21 16:01:28] [INFO] ✓ Precision@5: 0.367
[2026-05-21 16:01:28] [INFO] ✓ Recall@5: 1.000
[2026-05-21 16:01:28] [INFO] ✓ Coverage@5: 0.192
[2026-05-21 16:01:28] [INFO] Создание резервной копии старой модели...
[2026-05-21 16:01:28] [INFO] Создана резервная копия модели: D:\Git\AG-Diploma\VAG-Java\CODE_VAG\ML-Recommendation\model_cache\backups\recommendation_model_20260521_160128.pkl
[2026-05-21 16:01:28] [INFO] Сохранение обученной модели...
[2026-05-21 16:01:28] [INFO] ✓ Модель сохранена: D:\Git\AG-Diploma\VAG-Java\CODE_VAG\ML-Recommendation\model_cache\recommendation_model.pkl
[2026-05-21 16:01:28] [INFO] Метаданные модели сохранены: D:\Git\AG-Diploma\VAG-Java\CODE_VAG\ML-Recommendation\model_cache\model_metadata.json
[2026-05-21 16:01:28] [INFO] ======================================================================
[2026-05-21 16:01:28] [INFO] ✓ ОБУЧЕНИЕ ЗАВЕРШЕНО УСПЕШНО за 0.5 сек
[2026-05-21 16:01:28] [INFO] ======================================================================
[2026-05-21 16:01:50] [INFO] Флаг --force активирован. Переобучение модели.
[2026-05-21 16:01:50] [INFO] ======================================================================
[2026-05-21 16:01:50] [INFO] Начало обучения модели рекомендаций
[2026-05-21 16:01:50] [INFO] ======================================================================
[2026-05-21 16:01:50] [INFO] Подключение к базе данных...
[2026-05-21 16:01:50] [INFO] ✓ Подключение к БД успешно
[2026-05-21 16:01:50] [INFO] Загрузка данных из БД...
[2026-05-21 16:01:50] [INFO] ✓ Загружено работ: 52
[2026-05-21 16:01:50] [INFO] ✓ Загружено лайков: 41
[2026-05-21 16:01:50] [INFO] ✓ Загружено комментариев: 4
[2026-05-21 16:01:50] [INFO] Подготовка матрицы взаимодействий...
[2026-05-21 16:01:50] [INFO] ✓ Всего взаимодействий: 42
[2026-05-21 16:01:50] [INFO] Построение контентных признаков (TF-IDF)...
[2026-05-21 16:01:50] [INFO] ✓ Матрица сходства: (52, 52)
[2026-05-21 16:01:50] [INFO] Обучение SVD модели (это может занять время)...
[2026-05-21 16:01:50] [INFO] ✓ SVD модель обучена успешно
[2026-05-21 16:01:50] [INFO] Оценка качества модели...
[2026-05-21 16:01:50] [INFO] ✓ Precision@5: 0.367
[2026-05-21 16:01:50] [INFO] ✓ Recall@5: 1.000
[2026-05-21 16:01:50] [INFO] ✓ Coverage@5: 0.173
[2026-05-21 16:01:50] [INFO] Создание резервной копии старой модели...
[2026-05-21 16:01:50] [INFO] Создана резервная копия модели: D:\Git\AG-Diploma\VAG-Java\CODE_VAG\ML-Recommendation\model_cache\backups\recommendation_model_20260521_160150.pkl
[2026-05-21 16:01:50] [INFO] Сохранение обученной модели...
[2026-05-21 16:01:50] [INFO] ✓ Модель сохранена: D:\Git\AG-Diploma\VAG-Java\CODE_VAG\ML-Recommendation\model_cache\recommendation_model.pkl
[2026-05-21 16:01:50] [INFO] Метаданные модели сохранены: D:\Git\AG-Diploma\VAG-Java\CODE_VAG\ML-Recommendation\model_cache\model_metadata.json
[2026-05-21 16:01:50] [INFO] ======================================================================
[2026-05-21 16:01:50] [INFO] ✓ ОБУЧЕНИЕ ЗАВЕРШЕНО УСПЕШНО за 0.1 сек
[2026-05-21 16:01:50] [INFO] ======================================================================
[2026-05-21 18:42:23] [INFO] Флаг --force активирован. Переобучение модели.
[2026-05-21 18:42:23] [INFO] ======================================================================
[2026-05-21 18:42:23] [INFO] Начало обучения модели рекомендаций
[2026-05-21 18:42:23] [INFO] ======================================================================
[2026-05-21 18:42:23] [INFO] Подключение к базе данных...
[2026-05-21 18:42:23] [INFO] ✓ Подключение к БД успешно
[2026-05-21 18:42:23] [INFO] Загрузка данных из БД...
[2026-05-21 18:42:23] [INFO] ✓ Загружено работ: 52
[2026-05-21 18:42:23] [INFO] ✓ Загружено лайков: 41
[2026-05-21 18:42:23] [INFO] ✓ Загружено комментариев: 4
[2026-05-21 18:42:23] [INFO] Подготовка матрицы взаимодействий...
[2026-05-21 18:42:23] [INFO] ✓ Всего взаимодействий: 42
[2026-05-21 18:42:23] [INFO] Построение контентных признаков (TF-IDF)...
[2026-05-21 18:42:23] [INFO] ✓ Матрица сходства: (52, 52)
[2026-05-21 18:42:23] [INFO] Обучение SVD модели (это может занять время)...
[2026-05-21 18:42:23] [INFO] ✓ SVD модель обучена успешно
[2026-05-21 18:42:23] [INFO] Оценка качества модели...
[2026-05-21 18:42:23] [INFO] ✓ Precision@5: 0.367
[2026-05-21 18:42:23] [INFO] ✓ Recall@5: 1.000
[2026-05-21 18:42:23] [INFO] ✓ Coverage@5: 0.173
[2026-05-21 18:42:23] [INFO] Создание резервной копии старой модели...
[2026-05-21 18:42:24] [INFO] Создана резервная копия модели: D:\Git\AG-Diploma\VAG-Java\CODE_VAG\ML-Recommendation\model_cache\backups\recommendation_model_20260521_184223.pkl
[2026-05-21 18:42:24] [INFO] Сохранение обученной модели...
[2026-05-21 18:42:24] [INFO] ✓ Модель сохранена: D:\Git\AG-Diploma\VAG-Java\CODE_VAG\ML-Recommendation\model_cache\recommendation_model.pkl
[2026-05-21 18:42:24] [INFO] Метаданные модели сохранены: D:\Git\AG-Diploma\VAG-Java\CODE_VAG\ML-Recommendation\model_cache\model_metadata.json
[2026-05-21 18:42:24] [INFO] ======================================================================
[2026-05-21 18:42:24] [INFO] ✓ ОБУЧЕНИЕ ЗАВЕРШЕНО УСПЕШНО за 0.2 сек
[2026-05-21 18:42:24] [INFO] ======================================================================
[2026-05-21 18:45:40] [INFO] Флаг --force активирован. Переобучение модели.
[2026-05-21 18:45:40] [INFO] ======================================================================
[2026-05-21 18:45:40] [INFO] Начало обучения модели рекомендаций
[2026-05-21 18:45:40] [INFO] ======================================================================
[2026-05-21 18:45:40] [INFO] Подключение к базе данных...
[2026-05-21 18:45:40] [INFO] ✓ Подключение к БД успешно
[2026-05-21 18:45:40] [INFO] Загрузка данных из БД...
[2026-05-21 18:45:40] [INFO] ✓ Загружено работ: 53
[2026-05-21 18:45:40] [INFO] ✓ Загружено лайков: 41
[2026-05-21 18:45:40] [INFO] ✓ Загружено комментариев: 4
[2026-05-21 18:45:40] [INFO] Подготовка матрицы взаимодействий...
[2026-05-21 18:45:40] [INFO] ✓ Всего взаимодействий: 42
[2026-05-21 18:45:40] [INFO] Построение контентных признаков (TF-IDF)...
[2026-05-21 18:45:40] [INFO] ✓ Матрица сходства: (53, 53)
[2026-05-21 18:45:40] [INFO] Обучение SVD модели (это может занять время)...
[2026-05-21 18:45:40] [INFO] ✓ SVD модель обучена успешно
[2026-05-21 18:45:40] [INFO] Оценка качества модели...
[2026-05-21 18:45:40] [INFO] ✓ Precision@5: 0.367
[2026-05-21 18:45:40] [INFO] ✓ Recall@5: 1.000
[2026-05-21 18:45:40] [INFO] ✓ Coverage@5: 0.170
[2026-05-21 18:45:40] [INFO] Создание резервной копии старой модели...
[2026-05-21 18:45:40] [INFO] Создана резервная копия модели: D:\Git\AG-Diploma\VAG-Java\CODE_VAG\ML-Recommendation\model_cache\backups\recommendation_model_20260521_184540.pkl
[2026-05-21 18:45:40] [INFO] Сохранение обученной модели...
[2026-05-21 18:45:40] [INFO] ✓ Модель сохранена: D:\Git\AG-Diploma\VAG-Java\CODE_VAG\ML-Recommendation\model_cache\recommendation_model.pkl
[2026-05-21 18:45:40] [INFO] Метаданные модели сохранены: D:\Git\AG-Diploma\VAG-Java\CODE_VAG\ML-Recommendation\model_cache\model_metadata.json
[2026-05-21 18:45:40] [INFO] ======================================================================
[2026-05-21 18:45:40] [INFO] ✓ ОБУЧЕНИЕ ЗАВЕРШЕНО УСПЕШНО за 0.0 сек
[2026-05-21 18:45:40] [INFO] ======================================================================
[2026-05-21 18:45:45] [INFO] Флаг --force активирован. Переобучение модели.
[2026-05-21 18:45:45] [INFO] ======================================================================
[2026-05-21 18:45:45] [INFO] Начало обучения модели рекомендаций
[2026-05-21 18:45:45] [INFO] ======================================================================
[2026-05-21 18:45:45] [INFO] Подключение к базе данных...
[2026-05-21 18:45:45] [INFO] ✓ Подключение к БД успешно
[2026-05-21 18:45:45] [INFO] Загрузка данных из БД...
[2026-05-21 18:45:46] [INFO] ✓ Загружено работ: 53
[2026-05-21 18:45:46] [INFO] ✓ Загружено лайков: 42
[2026-05-21 18:45:46] [INFO] ✓ Загружено комментариев: 4
[2026-05-21 18:45:46] [INFO] Подготовка матрицы взаимодействий...
[2026-05-21 18:45:46] [INFO] ✓ Всего взаимодействий: 43
[2026-05-21 18:45:46] [INFO] Построение контентных признаков (TF-IDF)...
[2026-05-21 18:45:46] [INFO] ✓ Матрица сходства: (53, 53)
[2026-05-21 18:45:46] [INFO] Обучение SVD модели (это может занять время)...
[2026-05-21 18:45:46] [INFO] ✓ SVD модель обучена успешно
[2026-05-21 18:45:46] [INFO] Оценка качества модели...
[2026-05-21 18:45:46] [INFO] ✓ Precision@5: 0.275
[2026-05-21 18:45:46] [INFO] ✓ Recall@5: 1.000
[2026-05-21 18:45:46] [INFO] ✓ Coverage@5: 0.170
[2026-05-21 18:45:46] [INFO] Создание резервной копии старой модели...
[2026-05-21 18:45:46] [INFO] Создана резервная копия модели: D:\Git\AG-Diploma\VAG-Java\CODE_VAG\ML-Recommendation\model_cache\backups\recommendation_model_20260521_184546.pkl
[2026-05-21 18:45:46] [INFO] Сохранение обученной модели...
[2026-05-21 18:45:46] [INFO] ✓ Модель сохранена: D:\Git\AG-Diploma\VAG-Java\CODE_VAG\ML-Recommendation\model_cache\recommendation_model.pkl
[2026-05-21 18:45:46] [INFO] Метаданные модели сохранены: D:\Git\AG-Diploma\VAG-Java\CODE_VAG\ML-Recommendation\model_cache\model_metadata.json
[2026-05-21 18:45:46] [INFO] ======================================================================
[2026-05-21 18:45:46] [INFO] ✓ ОБУЧЕНИЕ ЗАВЕРШЕНО УСПЕШНО за 0.1 сек
[2026-05-21 18:45:46] [INFO] ======================================================================
[2026-05-21 18:46:07] [INFO] Флаг --force активирован. Переобучение модели.
[2026-05-21 18:46:07] [INFO] ======================================================================
[2026-05-21 18:46:07] [INFO] Начало обучения модели рекомендаций
[2026-05-21 18:46:07] [INFO] ======================================================================
[2026-05-21 18:46:07] [INFO] Подключение к базе данных...
[2026-05-21 18:46:07] [INFO] ✓ Подключение к БД успешно
[2026-05-21 18:46:07] [INFO] Загрузка данных из БД...
[2026-05-21 18:46:07] [INFO] ✓ Загружено работ: 53
[2026-05-21 18:46:07] [INFO] ✓ Загружено лайков: 42
[2026-05-21 18:46:07] [INFO] ✓ Загружено комментариев: 4
[2026-05-21 18:46:07] [INFO] Подготовка матрицы взаимодействий...
[2026-05-21 18:46:07] [INFO] ✓ Всего взаимодействий: 43
[2026-05-21 18:46:07] [INFO] Построение контентных признаков (TF-IDF)...
[2026-05-21 18:46:07] [INFO] ✓ Матрица сходства: (53, 53)
[2026-05-21 18:46:07] [INFO] Обучение SVD модели (это может занять время)...
[2026-05-21 18:46:07] [INFO] ✓ SVD модель обучена успешно
[2026-05-21 18:46:07] [INFO] Оценка качества модели...
[2026-05-21 18:46:07] [INFO] ✓ Precision@5: 0.275
[2026-05-21 18:46:07] [INFO] ✓ Recall@5: 1.000
[2026-05-21 18:46:07] [INFO] ✓ Coverage@5: 0.170
[2026-05-21 18:46:07] [INFO] Создание резервной копии старой модели...
[2026-05-21 18:46:07] [INFO] Создана резервная копия модели: D:\Git\AG-Diploma\VAG-Java\CODE_VAG\ML-Recommendation\model_cache\backups\recommendation_model_20260521_184607.pkl
[2026-05-21 18:46:07] [INFO] Сохранение обученной модели...
[2026-05-21 18:46:07] [INFO] ✓ Модель сохранена: D:\Git\AG-Diploma\VAG-Java\CODE_VAG\ML-Recommendation\model_cache\recommendation_model.pkl
[2026-05-21 18:46:07] [INFO] Метаданные модели сохранены: D:\Git\AG-Diploma\VAG-Java\CODE_VAG\ML-Recommendation\model_cache\model_metadata.json
[2026-05-21 18:46:07] [INFO] ======================================================================
[2026-05-21 18:46:07] [INFO] ✓ ОБУЧЕНИЕ ЗАВЕРШЕНО УСПЕШНО за 0.0 сек
[2026-05-21 18:46:07] [INFO] ======================================================================
[2026-05-21 18:58:01] [INFO] Флаг --force активирован. Переобучение модели.
[2026-05-21 18:58:01] [INFO] ======================================================================
[2026-05-21 18:58:01] [INFO] Начало обучения модели рекомендаций
[2026-05-21 18:58:01] [INFO] ======================================================================
[2026-05-21 18:58:01] [INFO] Подключение к базе данных...
[2026-05-21 18:58:01] [INFO] ✓ Подключение к БД успешно
[2026-05-21 18:58:01] [INFO] Загрузка данных из БД...
[2026-05-21 18:58:01] [INFO] ✓ Загружено работ: 53
[2026-05-21 18:58:01] [INFO] ✓ Загружено лайков: 42
[2026-05-21 18:58:01] [INFO] ✓ Загружено комментариев: 4
[2026-05-21 18:58:01] [INFO] Подготовка матрицы взаимодействий...
[2026-05-21 18:58:01] [INFO] ✓ Всего взаимодействий: 43
[2026-05-21 18:58:01] [INFO] Построение контентных признаков (TF-IDF)...
[2026-05-21 18:58:01] [INFO] ✓ Матрица сходства: (53, 53)
[2026-05-21 18:58:01] [INFO] Обучение SVD модели (это может занять время)...
[2026-05-21 18:58:01] [INFO] ✓ SVD модель обучена успешно
[2026-05-21 18:58:01] [INFO] Оценка качества модели...
[2026-05-21 18:58:01] [INFO] ✓ Precision@5: 0.275
[2026-05-21 18:58:01] [INFO] ✓ Recall@5: 1.000
[2026-05-21 18:58:01] [INFO] ✓ Coverage@5: 0.170
[2026-05-21 18:58:01] [INFO] Создание резервной копии старой модели...
[2026-05-21 18:58:01] [INFO] Создана резервная копия модели: D:\Git\AG-Diploma\VAG-Java\CODE_VAG\ML-Recommendation\model_cache\backups\recommendation_model_20260521_185801.pkl
[2026-05-21 18:58:01] [INFO] Сохранение обученной модели...
[2026-05-21 18:58:01] [INFO] ✓ Модель сохранена: D:\Git\AG-Diploma\VAG-Java\CODE_VAG\ML-Recommendation\model_cache\recommendation_model.pkl
[2026-05-21 18:58:01] [INFO] Метаданные модели сохранены: D:\Git\AG-Diploma\VAG-Java\CODE_VAG\ML-Recommendation\model_cache\model_metadata.json
[2026-05-21 18:58:01] [INFO] ======================================================================
[2026-05-21 18:58:01] [INFO] ✓ ОБУЧЕНИЕ ЗАВЕРШЕНО УСПЕШНО за 0.0 сек
[2026-05-21 18:58:01] [INFO] ======================================================================
[2026-05-21 19:36:52] [INFO] Флаг --force активирован. Переобучение модели.
[2026-05-21 19:36:52] [INFO] ======================================================================
[2026-05-21 19:36:52] [INFO] Начало обучения модели рекомендаций
[2026-05-21 19:36:52] [INFO] ======================================================================
[2026-05-21 19:36:52] [INFO] Подключение к базе данных...
[2026-05-21 19:36:53] [INFO] ✓ Подключение к БД успешно
[2026-05-21 19:36:53] [INFO] Загрузка данных из БД...
[2026-05-21 19:36:53] [INFO] ✓ Загружено работ: 53
[2026-05-21 19:36:53] [INFO] ✓ Загружено лайков: 42
[2026-05-21 19:36:53] [INFO] ✓ Загружено комментариев: 4
[2026-05-21 19:36:53] [INFO] Подготовка матрицы взаимодействий...
[2026-05-21 19:36:53] [INFO] ✓ Всего взаимодействий: 43
[2026-05-21 19:36:53] [INFO] Построение контентных признаков (TF-IDF)...
[2026-05-21 19:36:53] [INFO] ✓ Матрица сходства: (53, 53)
[2026-05-21 19:36:53] [INFO] Обучение SVD модели (это может занять время)...
[2026-05-21 19:36:53] [INFO] ✓ SVD модель обучена успешно
[2026-05-21 19:36:53] [INFO] Оценка качества модели...
[2026-05-21 19:36:53] [INFO] ✓ Precision@5: 0.275
[2026-05-21 19:36:53] [INFO] ✓ Recall@5: 1.000
[2026-05-21 19:36:53] [INFO] ✓ Coverage@5: 0.170
[2026-05-21 19:36:53] [INFO] Создание резервной копии старой модели...
[2026-05-21 19:36:53] [INFO] Создана резервная копия модели: D:\Git\AG-Diploma\VAG-Java\CODE_VAG\ML-Recommendation\model_cache\backups\recommendation_model_20260521_193653.pkl
[2026-05-21 19:36:53] [INFO] Сохранение обученной модели...
[2026-05-21 19:36:53] [INFO] ✓ Модель сохранена: D:\Git\AG-Diploma\VAG-Java\CODE_VAG\ML-Recommendation\model_cache\recommendation_model.pkl
[2026-05-21 19:36:53] [INFO] Метаданные модели сохранены: D:\Git\AG-Diploma\VAG-Java\CODE_VAG\ML-Recommendation\model_cache\model_metadata.json
[2026-05-21 19:36:53] [INFO] ======================================================================
[2026-05-21 19:36:53] [INFO] ✓ ОБУЧЕНИЕ ЗАВЕРШЕНО УСПЕШНО за 0.8 сек
[2026-05-21 19:36:53] [INFO] ======================================================================
[2026-05-21 21:43:23] [INFO] Флаг --force активирован. Переобучение модели.
[2026-05-21 21:43:23] [INFO] ======================================================================
[2026-05-21 21:43:23] [INFO] Начало обучения модели рекомендаций
[2026-05-21 21:43:23] [INFO] ======================================================================
[2026-05-21 21:43:23] [INFO] Подключение к базе данных...
[2026-05-21 21:43:23] [INFO] ✓ Подключение к БД успешно
[2026-05-21 21:43:23] [INFO] Загрузка данных из БД...
[2026-05-21 21:43:24] [INFO] ✓ Загружено работ: 54
[2026-05-21 21:43:24] [INFO] ✓ Загружено лайков: 40
[2026-05-21 21:43:24] [INFO] ✓ Загружено комментариев: 5
[2026-05-21 21:43:24] [INFO] Подготовка матрицы взаимодействий...
[2026-05-21 21:43:24] [INFO] ✓ Всего взаимодействий: 43
[2026-05-21 21:43:24] [INFO] Построение контентных признаков (TF-IDF)...
[2026-05-21 21:43:24] [INFO] ✓ Матрица сходства: (54, 54)
[2026-05-21 21:43:24] [INFO] Обучение SVD модели (это может занять время)...
[2026-05-21 21:43:24] [INFO] ✓ SVD модель обучена успешно
[2026-05-21 21:43:24] [INFO] Оценка качества модели...
[2026-05-21 21:43:24] [INFO] ✓ Precision@5: 0.275
[2026-05-21 21:43:24] [INFO] ✓ Recall@5: 1.000
[2026-05-21 21:43:24] [INFO] ✓ Coverage@5: 0.167
[2026-05-21 21:43:24] [INFO] Создание резервной копии старой модели...
[2026-05-21 21:43:24] [INFO] Создана резервная копия модели: D:\Git\AG-Diploma\VAG-Java\CODE_VAG\ML-Recommendation\model_cache\backups\recommendation_model_20260521_214324.pkl
[2026-05-21 21:43:24] [INFO] Сохранение обученной модели...
[2026-05-21 21:43:24] [INFO] ✓ Модель сохранена: D:\Git\AG-Diploma\VAG-Java\CODE_VAG\ML-Recommendation\model_cache\recommendation_model.pkl
[2026-05-21 21:43:24] [INFO] Метаданные модели сохранены: D:\Git\AG-Diploma\VAG-Java\CODE_VAG\ML-Recommendation\model_cache\model_metadata.json
[2026-05-21 21:43:24] [INFO] ======================================================================
[2026-05-21 21:43:24] [INFO] ✓ ОБУЧЕНИЕ ЗАВЕРШЕНО УСПЕШНО за 0.6 сек
[2026-05-21 21:43:24] [INFO] ======================================================================
[2026-05-24 17:42:31] [INFO] Флаг --force активирован. Переобучение модели.
[2026-05-24 17:42:31] [INFO] ======================================================================
[2026-05-24 17:42:31] [INFO] Начало обучения модели рекомендаций
[2026-05-24 17:42:31] [INFO] ======================================================================
[2026-05-24 17:42:31] [INFO] Подключение к базе данных...
[2026-05-24 17:42:32] [INFO] ✓ Подключение к БД успешно
[2026-05-24 17:42:32] [INFO] Загрузка данных из БД...
[2026-05-24 17:42:32] [INFO] ✓ Загружено работ: 54
[2026-05-24 17:42:32] [INFO] ✓ Загружено лайков: 40
[2026-05-24 17:42:32] [INFO] ✓ Загружено комментариев: 5
[2026-05-24 17:42:32] [INFO] Подготовка матрицы взаимодействий...
[2026-05-24 17:42:32] [INFO] ✓ Всего взаимодействий: 43
[2026-05-24 17:42:32] [INFO] Построение контентных признаков (TF-IDF)...
[2026-05-24 17:42:32] [INFO] ✓ Матрица сходства: (54, 54)
[2026-05-24 17:42:32] [INFO] Обучение SVD модели (это может занять время)...
[2026-05-24 17:42:32] [INFO] ✓ SVD модель обучена успешно
[2026-05-24 17:42:32] [INFO] Оценка качества модели...
[2026-05-24 17:42:32] [INFO] ✓ Precision@5: 0.275
[2026-05-24 17:42:32] [INFO] ✓ Recall@5: 1.000
[2026-05-24 17:42:32] [INFO] ✓ Coverage@5: 0.167
[2026-05-24 17:42:32] [INFO] Создание резервной копии старой модели...
[2026-05-24 17:42:32] [INFO] Создана резервная копия модели: D:\Git\AG-Diploma\VAG-Java\CODE_VAG\ML-Recommendation\model_cache\backups\recommendation_model_20260524_174232.pkl
[2026-05-24 17:42:32] [INFO] Сохранение обученной модели...
[2026-05-24 17:42:32] [INFO] ✓ Модель сохранена: D:\Git\AG-Diploma\VAG-Java\CODE_VAG\ML-Recommendation\model_cache\recommendation_model.pkl
[2026-05-24 17:42:32] [INFO] Метаданные модели сохранены: D:\Git\AG-Diploma\VAG-Java\CODE_VAG\ML-Recommendation\model_cache\model_metadata.json
[2026-05-24 17:42:32] [INFO] ======================================================================
[2026-05-24 17:42:32] [INFO] ✓ ОБУЧЕНИЕ ЗАВЕРШЕНО УСПЕШНО за 1.1 сек
[2026-05-24 17:42:32] [INFO] ======================================================================
[2026-05-26 08:23:08] [INFO] Флаг --force активирован. Переобучение модели.
[2026-05-26 08:23:08] [INFO] ======================================================================
[2026-05-26 08:23:08] [INFO] Начало обучения модели рекомендаций
[2026-05-26 08:23:08] [INFO] ======================================================================
[2026-05-26 08:23:08] [INFO] Подключение к базе данных...
[2026-05-26 08:23:09] [INFO] ✓ Подключение к БД успешно
[2026-05-26 08:23:09] [INFO] Загрузка данных из БД...
[2026-05-26 08:23:09] [INFO] ✓ Загружено работ: 54
[2026-05-26 08:23:09] [INFO] ✓ Загружено лайков: 50
[2026-05-26 08:23:09] [INFO] ✓ Загружено комментариев: 5
[2026-05-26 08:23:09] [INFO] Подготовка матрицы взаимодействий...
[2026-05-26 08:23:09] [INFO] ✓ Всего взаимодействий: 53
[2026-05-26 08:23:09] [INFO] Построение контентных признаков (TF-IDF)...
[2026-05-26 08:23:09] [INFO] ✓ Матрица сходства: (54, 54)
[2026-05-26 08:23:09] [INFO] Обучение SVD модели (это может занять время)...
[2026-05-26 08:23:09] [INFO] ✓ SVD модель обучена успешно
[2026-05-26 08:23:09] [INFO] Оценка качества модели...
[2026-05-26 08:23:09] [INFO] ✓ Precision@5: 0.325
[2026-05-26 08:23:09] [INFO] ✓ Recall@5: 1.000
[2026-05-26 08:23:09] [INFO] ✓ Coverage@5: 0.185
[2026-05-26 08:23:09] [INFO] Создание резервной копии старой модели...
[2026-05-26 08:23:09] [INFO] Создана резервная копия модели: D:\Git\AG-Diploma\VAG-Java\CODE_VAG\ML-Recommendation\model_cache\backups\recommendation_model_20260526_082309.pkl
[2026-05-26 08:23:09] [INFO] Сохранение обученной модели...
[2026-05-26 08:23:09] [INFO] ✓ Модель сохранена: D:\Git\AG-Diploma\VAG-Java\CODE_VAG\ML-Recommendation\model_cache\recommendation_model.pkl
[2026-05-26 08:23:09] [INFO] Метаданные модели сохранены: D:\Git\AG-Diploma\VAG-Java\CODE_VAG\ML-Recommendation\model_cache\model_metadata.json
[2026-05-26 08:23:09] [INFO] ======================================================================
[2026-05-26 08:23:09] [INFO] ✓ ОБУЧЕНИЕ ЗАВЕРШЕНО УСПЕШНО за 1.4 сек
[2026-05-26 08:23:09] [INFO] ======================================================================
[2026-05-26 08:23:11] [INFO] Флаг --force активирован. Переобучение модели.
[2026-05-26 08:23:11] [INFO] ======================================================================
[2026-05-26 08:23:11] [INFO] Начало обучения модели рекомендаций
[2026-05-26 08:23:11] [INFO] ======================================================================
[2026-05-26 08:23:11] [INFO] Подключение к базе данных...
[2026-05-26 08:23:11] [INFO] ✓ Подключение к БД успешно
[2026-05-26 08:23:11] [INFO] Загрузка данных из БД...
[2026-05-26 08:23:11] [INFO] ✓ Загружено работ: 54
[2026-05-26 08:23:11] [INFO] ✓ Загружено лайков: 50
[2026-05-26 08:23:11] [INFO] ✓ Загружено комментариев: 5
[2026-05-26 08:23:11] [INFO] Подготовка матрицы взаимодействий...
[2026-05-26 08:23:11] [INFO] ✓ Всего взаимодействий: 53
[2026-05-26 08:23:11] [INFO] Построение контентных признаков (TF-IDF)...
[2026-05-26 08:23:11] [INFO] ✓ Матрица сходства: (54, 54)
[2026-05-26 08:23:11] [INFO] Обучение SVD модели (это может занять время)...
[2026-05-26 08:23:11] [INFO] ✓ SVD модель обучена успешно
[2026-05-26 08:23:11] [INFO] Оценка качества модели...
[2026-05-26 08:23:11] [INFO] ✓ Precision@5: 0.325
[2026-05-26 08:23:11] [INFO] ✓ Recall@5: 1.000
[2026-05-26 08:23:11] [INFO] ✓ Coverage@5: 0.185
[2026-05-26 08:23:11] [INFO] Создание резервной копии старой модели...
[2026-05-26 08:23:11] [INFO] Создана резервная копия модели: D:\Git\AG-Diploma\VAG-Java\CODE_VAG\ML-Recommendation\model_cache\backups\recommendation_model_20260526_082311.pkl
[2026-05-26 08:23:11] [INFO] Сохранение обученной модели...
[2026-05-26 08:23:11] [INFO] ✓ Модель сохранена: D:\Git\AG-Diploma\VAG-Java\CODE_VAG\ML-Recommendation\model_cache\recommendation_model.pkl
[2026-05-26 08:23:11] [INFO] Метаданные модели сохранены: D:\Git\AG-Diploma\VAG-Java\CODE_VAG\ML-Recommendation\model_cache\model_metadata.json
[2026-05-26 08:23:11] [INFO] ======================================================================
[2026-05-26 08:23:11] [INFO] ✓ ОБУЧЕНИЕ ЗАВЕРШЕНО УСПЕШНО за 0.1 сек
[2026-05-26 08:23:11] [INFO] ======================================================================
[2026-05-26 08:23:33] [INFO] Флаг --force активирован. Переобучение модели.
[2026-05-26 08:23:33] [INFO] ======================================================================
[2026-05-26 08:23:33] [INFO] Начало обучения модели рекомендаций
[2026-05-26 08:23:33] [INFO] ======================================================================
[2026-05-26 08:23:33] [INFO] Подключение к базе данных...
[2026-05-26 08:23:33] [INFO] ✓ Подключение к БД успешно
[2026-05-26 08:23:33] [INFO] Загрузка данных из БД...
[2026-05-26 08:23:33] [INFO] ✓ Загружено работ: 54
[2026-05-26 08:23:33] [INFO] ✓ Загружено лайков: 50
[2026-05-26 08:23:33] [INFO] ✓ Загружено комментариев: 5
[2026-05-26 08:23:33] [INFO] Подготовка матрицы взаимодействий...
[2026-05-26 08:23:33] [INFO] ✓ Всего взаимодействий: 53
[2026-05-26 08:23:33] [INFO] Построение контентных признаков (TF-IDF)...
[2026-05-26 08:23:33] [INFO] ✓ Матрица сходства: (54, 54)
[2026-05-26 08:23:33] [INFO] Обучение SVD модели (это может занять время)...
[2026-05-26 08:23:33] [INFO] ✓ SVD модель обучена успешно
[2026-05-26 08:23:33] [INFO] Оценка качества модели...
[2026-05-26 08:23:33] [INFO] ✓ Precision@5: 0.325
[2026-05-26 08:23:33] [INFO] ✓ Recall@5: 1.000
[2026-05-26 08:23:33] [INFO] ✓ Coverage@5: 0.185
[2026-05-26 08:23:33] [INFO] Создание резервной копии старой модели...
[2026-05-26 08:23:33] [INFO] Создана резервная копия модели: D:\Git\AG-Diploma\VAG-Java\CODE_VAG\ML-Recommendation\model_cache\backups\recommendation_model_20260526_082333.pkl
[2026-05-26 08:23:33] [INFO] Сохранение обученной модели...
[2026-05-26 08:23:33] [INFO] ✓ Модель сохранена: D:\Git\AG-Diploma\VAG-Java\CODE_VAG\ML-Recommendation\model_cache\recommendation_model.pkl
[2026-05-26 08:23:33] [INFO] Метаданные модели сохранены: D:\Git\AG-Diploma\VAG-Java\CODE_VAG\ML-Recommendation\model_cache\model_metadata.json
[2026-05-26 08:23:33] [INFO] ======================================================================
[2026-05-26 08:23:33] [INFO] ✓ ОБУЧЕНИЕ ЗАВЕРШЕНО УСПЕШНО за 0.0 сек
[2026-05-26 08:23:33] [INFO] ======================================================================
[2026-05-26 08:47:36] [INFO] Флаг --force активирован. Переобучение модели.
[2026-05-26 08:47:36] [INFO] ======================================================================
[2026-05-26 08:47:36] [INFO] Начало обучения модели рекомендаций
[2026-05-26 08:47:36] [INFO] ======================================================================
[2026-05-26 08:47:36] [INFO] Подключение к базе данных...
[2026-05-26 08:47:36] [INFO] ✓ Подключение к БД успешно
[2026-05-26 08:47:36] [INFO] Загрузка данных из БД...
[2026-05-26 08:47:36] [INFO] ✓ Загружено работ: 55
[2026-05-26 08:47:36] [INFO] ✓ Загружено лайков: 52
[2026-05-26 08:47:36] [INFO] ✓ Загружено комментариев: 5
[2026-05-26 08:47:36] [INFO] Подготовка матрицы взаимодействий...
[2026-05-26 08:47:36] [INFO] ✓ Всего взаимодействий: 55
[2026-05-26 08:47:36] [INFO] Построение контентных признаков (TF-IDF)...
[2026-05-26 08:47:36] [INFO] ✓ Матрица сходства: (55, 55)
[2026-05-26 08:47:36] [INFO] Обучение SVD модели (это может занять время)...
[2026-05-26 08:47:36] [INFO] ✓ SVD модель обучена успешно
[2026-05-26 08:47:36] [INFO] Оценка качества модели...
[2026-05-26 08:47:36] [INFO] ✓ Precision@5: 0.371
[2026-05-26 08:47:36] [INFO] ✓ Recall@5: 1.000
[2026-05-26 08:47:36] [INFO] ✓ Coverage@5: 0.218
[2026-05-26 08:47:36] [INFO] Создание резервной копии старой модели...
[2026-05-26 08:47:36] [INFO] Создана резервная копия модели: D:\Git\AG-Diploma\VAG-Java\CODE_VAG\ML-Recommendation\model_cache\backups\recommendation_model_20260526_084736.pkl
[2026-05-26 08:47:36] [INFO] Сохранение обученной модели...
[2026-05-26 08:47:36] [INFO] ✓ Модель сохранена: D:\Git\AG-Diploma\VAG-Java\CODE_VAG\ML-Recommendation\model_cache\recommendation_model.pkl
[2026-05-26 08:47:36] [INFO] Метаданные модели сохранены: D:\Git\AG-Diploma\VAG-Java\CODE_VAG\ML-Recommendation\model_cache\model_metadata.json
[2026-05-26 08:47:36] [INFO] ======================================================================
[2026-05-26 08:47:36] [INFO] ✓ ОБУЧЕНИЕ ЗАВЕРШЕНО УСПЕШНО за 0.0 сек
[2026-05-26 08:47:36] [INFO] ======================================================================
